"","age","c_charge_degree","race","age_cat","score_text","sex","priors_count","days_b_screening_arrest","decile_score","is_recid","two_year_recid","c_jail_in","c_jail_out","juv_fel_count","juv_misd_count","juv_other_count","is_violent_recid"
"1",34,"F","African-American","25 - 45","Low","Male",0,-1,3,1,1,"2013-01-26 03:45:27","2013-02-05 05:36:53",0,0,0,1
"2",31,"F","Caucasian","25 - 45","Medium","Male",6,-1,5,1,1,"2013-11-16 07:12:12","2013-11-17 08:28:54",0,0,0,1
"3",27,"F","African-American","25 - 45","Low","Male",8,-1,3,1,1,"2013-05-05 09:07:10","2013-05-22 09:08:22",0,0,0,1
"4",33,"F","African-American","25 - 45","High","Male",0,0,10,1,1,"2014-10-24 12:50:50","2014-12-01 07:49:53",0,0,0,1
"5",25,"M","Caucasian","25 - 45","High","Male",9,-1,10,1,1,"2014-03-27 10:17:55","2014-04-03 09:27:42",0,0,0,1
"6",35,"F","African-American","25 - 45","High","Male",13,-1,8,1,1,"2014-05-18 04:05:09","2014-05-19 01:47:37",1,0,4,1
"7",45,"F","Hispanic","Greater than 45","Low","Male",6,-1,1,1,1,"2013-01-12 05:43:00","2013-09-11 04:51:56",0,0,0,1
"8",26,"F","African-American","25 - 45","Low","Female",1,-1,4,1,1,"2013-11-07 09:01:45","2013-11-09 09:07:50",0,0,0,1
"9",30,"M","African-American","25 - 45","High","Male",8,-1,10,1,1,"2013-02-20 02:14:37","2013-02-21 07:47:06",0,0,0,1
"10",25,"F","African-American","25 - 45","High","Male",14,-1,10,1,1,"2013-04-19 02:20:32","2013-04-26 05:45:46",1,6,1,1
"11",20,"F","Other","Less than 25","Medium","Male",0,-1,5,1,1,"2013-10-02 05:50:22","2013-10-03 08:15:24",0,0,0,1
"12",25,"F","Caucasian","25 - 45","High","Male",9,-1,8,1,1,"2014-12-12 07:27:40","2014-12-13 07:23:49",0,0,0,1
"13",19,"M","African-American","Less than 25","Low","Male",1,-10,4,1,1,"2014-11-04 07:39:38","2014-11-13 10:02:51",0,0,0,1
"14",39,"F","Caucasian","25 - 45","Low","Female",0,-1,1,1,1,"2013-09-04 11:36:38","2013-09-06 04:07:01",0,0,0,1
"15",31,"F","Caucasian","25 - 45","High","Male",13,-1,10,1,1,"2013-02-25 06:43:30","2014-06-11 12:57:06",0,0,0,1
"16",32,"F","African-American","25 - 45","Medium","Male",11,-2,6,1,1,"2014-12-17 02:03:04","2014-12-18 08:41:05",0,0,0,1
"17",33,"M","African-American","25 - 45","Medium","Male",8,-1,5,1,1,"2013-12-25 07:37:38","2013-12-26 01:30:44",0,0,0,1
"18",32,"F","African-American","25 - 45","High","Female",4,-7,10,1,1,"2014-04-16 09:55:10","2014-04-23 05:27:00",0,0,0,1
"19",28,"M","African-American","25 - 45","Medium","Male",6,-1,6,1,1,"2013-03-17 09:01:58","2013-03-18 01:40:10",0,0,0,1
"20",66,"F","African-American","Greater than 45","Low","Male",3,-10,1,1,0,"2013-06-01 11:04:44","2013-06-03 11:25:14",0,0,0,1
"21",37,"M","African-American","25 - 45","High","Male",2,0,9,1,1,"2013-12-24 03:40:12","2013-12-24 08:53:51",0,0,0,1
"22",23,"F","African-American","Less than 25","Low","Male",0,-1,3,1,1,"2014-04-25 10:29:59","2014-04-26 09:57:20",0,0,0,1
"23",51,"M","Caucasian","Greater than 45","Low","Female",0,-1,1,1,1,"2014-01-12 08:37:58","2014-01-13 02:00:36",0,0,0,1
"24",37,"M","African-American","25 - 45","Low","Male",0,-1,1,1,0,"2013-02-16 07:22:50","2013-02-18 02:10:02",0,0,0,1
"25",30,"M","African-American","25 - 45","High","Male",11,-1,9,1,1,"2014-08-05 03:19:41","2014-08-06 08:40:28",0,0,2,1
"26",20,"F","African-American","Less than 25","High","Male",1,-1,8,1,1,"2013-11-17 04:24:59","2013-11-18 07:25:07",0,0,0,1
"27",27,"F","Caucasian","25 - 45","Medium","Male",0,-1,6,1,1,"2013-04-07 11:02:06","2013-04-09 04:14:39",0,0,0,1
"28",26,"M","African-American","25 - 45","High","Male",1,-1,8,1,1,"2014-07-14 06:15:12","2014-07-16 02:43:22",0,0,0,1
"29",24,"F","Other","Less than 25","High","Male",9,-1,10,1,1,"2013-03-15 12:03:21","2013-03-20 02:58:22",0,1,0,1
"30",24,"F","African-American","Less than 25","High","Male",2,-1,9,1,1,"2013-03-25 02:04:33","2013-04-13 05:00:10",0,1,0,1
"31",28,"M","Caucasian","25 - 45","Low","Male",2,0,3,1,1,"2013-10-04 01:55:36","2013-10-05 07:07:26",0,0,0,1
"32",32,"F","African-American","25 - 45","High","Male",12,-1,9,1,1,"2013-02-15 12:13:14","2013-02-17 01:27:01",0,1,0,1
"33",22,"F","African-American","Less than 25","High","Male",4,-1,9,1,1,"2013-02-04 02:09:53","2013-10-22 06:51:11",0,0,0,1
"34",48,"F","Caucasian","Greater than 45","High","Male",23,-1,8,1,1,"2013-02-08 07:54:34","2014-02-04 06:26:47",1,0,0,1
"35",27,"F","African-American","25 - 45","High","Male",9,-1,8,1,1,"2013-09-03 03:15:25","2013-10-25 06:07:27",0,0,0,1
"36",29,"M","Caucasian","25 - 45","Medium","Male",0,0,6,1,1,"2014-11-03 02:36:08","2014-11-08 12:48:35",0,0,0,1
"37",25,"F","Hispanic","25 - 45","Medium","Male",2,-1,5,1,1,"2013-03-11 08:47:22","2013-03-12 01:01:00",0,0,0,1
"38",24,"M","African-American","Less than 25","Low","Male",1,-1,2,1,1,"2013-09-23 10:13:09","2013-09-25 09:17:37",0,0,0,1
"39",20,"F","Other","Less than 25","High","Male",0,-1,8,1,1,"2014-10-29 03:32:22","2014-11-20 08:32:38",0,0,1,1
"40",27,"M","African-American","25 - 45","High","Male",13,-1,8,1,1,"2013-04-16 07:03:53","2013-04-17 10:30:53",0,0,0,1
"41",28,"F","Caucasian","25 - 45","Low","Male",1,0,4,1,1,"2014-02-16 12:19:08","2014-02-20 12:30:39",0,0,0,1
"42",26,"F","African-American","25 - 45","High","Male",10,-1,9,1,1,"2013-03-04 11:33:53","2013-03-05 04:54:32",1,1,0,1
"43",23,"F","African-American","Less than 25","Medium","Male",6,-1,6,1,0,"2013-04-19 04:56:58","2013-04-20 01:49:41",1,2,2,1
"44",20,"F","African-American","Less than 25","High","Male",1,0,10,1,1,"2013-11-19 02:33:54","2013-11-21 03:37:00",0,0,0,1
"45",24,"F","Caucasian","Less than 25","High","Female",6,0,9,1,1,"2014-04-16 02:28:47","2014-04-19 11:22:18",0,0,1,1
"46",21,"M","Caucasian","Less than 25","High","Male",2,-1,9,1,1,"2013-11-05 11:10:50","2013-11-14 01:27:06",0,0,4,1
"47",29,"M","Caucasian","25 - 45","Low","Male",0,0,4,1,1,"2014-03-26 12:14:14","2014-03-27 12:18:56",0,0,0,1
"48",29,"F","African-American","25 - 45","Low","Male",4,-1,4,1,1,"2013-11-12 01:08:14","2013-11-20 06:26:56",0,0,0,1
"49",32,"F","Caucasian","25 - 45","Low","Male",1,-7,1,1,1,"2014-01-14 10:07:59","2014-01-15 01:58:04",0,0,0,1
"50",24,"M","Caucasian","Less than 25","High","Male",9,-23,10,1,1,"2013-08-17 01:46:04","2013-08-27 03:55:32",0,0,1,1
"51",21,"F","African-American","Less than 25","Medium","Male",3,0,5,1,1,"2013-05-15 12:34:33","2013-05-15 07:01:43",0,2,0,1
"52",22,"F","African-American","Less than 25","Medium","Male",3,-11,7,1,1,"2013-11-07 10:41:34","2013-11-15 08:48:23",0,1,0,1
"53",28,"F","African-American","25 - 45","High","Male",16,-1,8,1,1,"2014-02-24 04:17:37","2014-02-25 08:09:24",8,0,1,1
"54",35,"F","African-American","25 - 45","Low","Female",6,-1,2,1,1,"2013-10-29 02:27:04","2013-10-30 08:32:44",0,0,0,1
"55",30,"F","African-American","25 - 45","Medium","Male",5,-1,6,1,1,"2013-03-03 06:23:59","2013-03-04 08:33:50",0,0,1,1
"56",25,"M","African-American","25 - 45","Low","Male",0,-1,3,1,0,"2013-03-16 09:16:46","2013-03-17 02:17:18",0,0,0,1
"57",27,"M","African-American","25 - 45","Medium","Male",3,-1,7,1,1,"2014-12-01 03:21:53","2014-12-07 04:35:04",0,0,0,1
"58",22,"F","African-American","Less than 25","High","Male",11,0,10,1,1,"2014-12-10 01:21:36","2014-12-10 01:26:52",0,0,0,1
"59",27,"F","Caucasian","25 - 45","Medium","Male",6,-1,6,1,1,"2014-05-14 02:14:46","2014-06-17 10:56:58",0,0,0,1
"60",25,"F","African-American","25 - 45","Medium","Male",4,-1,5,1,1,"2013-04-08 05:49:48","2013-05-10 05:42:55",0,0,0,1
"61",58,"F","African-American","Greater than 45","Low","Female",4,-14,2,1,1,"2014-08-27 09:14:45","2014-08-28 09:22:51",0,0,0,1
"62",27,"F","African-American","25 - 45","Medium","Male",13,-1,7,1,1,"2013-09-04 07:58:16","2013-09-06 09:43:19",0,0,0,1
"63",38,"F","Caucasian","25 - 45","Low","Male",1,-1,1,1,1,"2014-07-09 06:45:49","2014-07-10 01:39:26",0,0,0,1
"64",35,"M","African-American","25 - 45","High","Male",1,-1,9,1,1,"2014-09-03 11:08:09","2014-11-22 04:31:47",0,0,1,1
"65",65,"M","African-American","Greater than 45","Low","Male",2,-18,2,1,1,"2014-03-24 02:29:51","2014-03-29 06:17:09",0,0,0,1
"66",30,"M","Other","25 - 45","High","Male",4,-1,9,1,1,"2013-04-14 09:47:43","2013-04-15 07:07:32",0,0,0,1
"67",36,"M","African-American","25 - 45","Medium","Male",0,-1,7,1,1,"2013-10-13 05:56:25","2013-10-14 02:07:16",0,0,0,1
"68",23,"M","African-American","Less than 25","High","Male",2,0,10,1,1,"2013-01-14 04:13:05","2013-04-04 07:46:57",0,0,1,1
"69",21,"F","Asian","Less than 25","Medium","Male",0,-1,6,1,1,"2013-05-23 04:42:45","2013-05-24 01:33:21",0,0,1,1
"70",27,"F","African-American","25 - 45","High","Male",10,0,8,1,1,"2013-08-22 03:03:57","2013-08-22 08:25:10",0,1,0,1
"71",26,"F","Caucasian","25 - 45","Low","Male",1,0,2,1,1,"2014-02-13 02:31:02","2014-03-01 09:14:16",0,0,0,1
"72",25,"F","Caucasian","25 - 45","Low","Male",0,-1,2,1,1,"2014-12-12 07:29:14","2014-12-13 07:28:15",0,0,0,1
"73",23,"F","African-American","Less than 25","High","Male",6,-1,9,1,1,"2014-03-12 04:49:26","2014-03-20 09:46:56",0,0,1,1
"74",27,"F","African-American","25 - 45","High","Male",4,0,9,1,1,"2014-03-11 05:19:53","2014-03-11 08:47:22",0,0,0,1
"75",21,"F","Caucasian","Less than 25","High","Male",2,-1,9,1,1,"2014-10-14 06:55:40","2014-10-20 04:58:47",0,2,1,1
"76",32,"F","African-American","25 - 45","High","Male",22,0,9,1,1,"2013-10-20 01:59:29","2013-10-20 08:13:18",0,0,1,1
"77",24,"M","African-American","Less than 25","Medium","Female",1,0,5,1,1,"2013-08-12 03:10:53","2013-08-12 08:45:43",0,0,0,1
"78",28,"F","African-American","25 - 45","Medium","Male",14,-1,7,1,1,"2013-03-19 11:58:58","2013-03-20 09:53:42",0,0,0,1
"79",32,"M","Caucasian","25 - 45","Low","Female",1,-1,3,1,1,"2014-08-16 12:35:59","2014-08-17 09:00:26",0,0,0,1
"80",21,"F","Other","Less than 25","Low","Male",0,-1,3,1,1,"2013-03-30 03:21:05","2013-03-31 07:12:30",0,0,0,1
"81",25,"F","African-American","25 - 45","High","Male",3,-1,8,1,1,"2013-08-14 07:48:42","2013-08-15 07:42:50",0,1,1,1
"82",48,"F","African-American","Greater than 45","High","Male",25,-1,10,1,1,"2014-03-18 03:28:44","2014-03-24 11:54:07",1,0,0,1
"83",22,"M","African-American","Less than 25","Medium","Male",1,28,7,1,1,"2013-01-29 05:28:37","2013-01-30 09:38:30",0,0,1,1
"84",52,"M","African-American","Greater than 45","High","Male",9,-1,8,1,1,"2013-04-07 05:45:06","2013-05-16 03:57:24",1,0,0,1
"85",26,"F","Caucasian","25 - 45","Low","Male",5,-1,4,1,1,"2014-09-08 04:18:58","2014-10-13 09:23:06",0,0,0,1
"86",37,"F","African-American","25 - 45","Medium","Male",6,-1,5,1,1,"2014-10-19 07:36:23","2014-11-08 12:14:28",0,0,0,1
"87",26,"M","African-American","25 - 45","High","Male",4,-1,8,1,1,"2013-04-05 06:54:28","2013-04-06 07:37:58",0,1,0,1
"88",30,"F","African-American","25 - 45","Low","Male",5,-1,4,1,1,"2013-01-29 08:02:14","2013-01-30 09:05:26",0,0,0,1
"89",25,"F","African-American","25 - 45","High","Male",0,-1,9,1,1,"2013-02-08 08:15:01","2013-02-18 08:07:07",0,0,0,1
"90",39,"F","African-American","25 - 45","High","Male",13,-1,8,1,1,"2013-09-24 05:14:32","2013-09-26 04:15:46",0,0,0,1
"91",26,"F","African-American","25 - 45","Medium","Male",9,-1,7,1,1,"2013-01-29 07:56:52","2013-02-09 12:41:02",0,0,0,1
"92",32,"F","African-American","25 - 45","Low","Male",3,-1,1,1,1,"2013-11-18 10:28:15","2013-11-21 05:15:36",0,0,0,1
"93",28,"M","African-American","25 - 45","Low","Male",4,-1,2,1,1,"2013-11-19 09:37:06","2013-11-20 08:36:56",0,0,0,1
"94",21,"F","African-American","Less than 25","High","Male",2,-1,9,1,1,"2014-08-03 02:26:32","2014-08-04 01:34:32",0,0,0,1
"95",32,"F","African-American","25 - 45","High","Male",19,-1,10,1,1,"2014-02-10 06:04:29","2014-02-25 05:50:02",0,0,0,1
"96",32,"F","African-American","25 - 45","High","Male",14,-1,9,1,1,"2013-05-09 03:22:53","2013-05-11 05:44:32",0,0,0,1
"97",22,"F","African-American","Less than 25","Medium","Male",6,-1,7,1,1,"2014-07-22 03:12:05","2014-07-24 06:06:22",1,1,0,1
"98",33,"F","African-American","25 - 45","Medium","Male",7,0,7,1,1,"2013-01-03 12:47:06","2013-03-23 05:13:54",0,0,0,1
"99",54,"M","African-American","Greater than 45","Medium","Male",4,-1,5,1,1,"2013-03-16 11:33:04","2013-06-03 08:21:57",0,0,0,1
"100",22,"M","Caucasian","Less than 25","Medium","Male",2,-1,5,1,1,"2013-08-28 11:26:11","2013-09-11 08:03:33",0,0,0,1
"101",26,"M","African-American","25 - 45","Low","Male",0,-1,4,1,1,"2013-02-01 06:04:12","2013-02-02 05:16:40",0,0,0,1
"102",21,"M","African-American","Less than 25","Medium","Male",1,-18,7,1,1,"2013-11-02 01:59:31","2013-11-03 01:26:39",0,0,0,1
"103",23,"F","African-American","Less than 25","Medium","Male",2,-1,7,1,1,"2013-04-24 03:10:43","2013-04-30 07:30:08",0,0,0,1
"104",30,"F","African-American","25 - 45","Medium","Male",6,-1,5,1,1,"2013-01-23 04:50:53","2013-01-26 03:15:43",0,0,0,1
"105",35,"M","African-American","25 - 45","Medium","Male",17,-1,7,1,1,"2013-02-02 01:30:39","2013-02-04 03:00:27",0,1,0,1
"106",43,"M","African-American","25 - 45","Low","Male",0,-1,1,1,1,"2014-03-26 05:00:03","2014-03-27 08:19:09",0,0,0,1
"107",21,"F","African-American","Less than 25","High","Male",0,-5,10,1,1,"2013-02-14 06:35:26","2013-02-15 07:40:52",0,0,0,1
"108",47,"F","Caucasian","Greater than 45","Low","Male",1,-1,3,1,1,"2013-10-07 11:30:18","2013-10-08 08:26:31",0,0,0,1
"109",49,"F","African-American","Greater than 45","Low","Male",1,0,3,1,1,"2013-03-13 01:26:25","2013-04-01 09:47:06",0,0,0,1
"110",24,"M","African-American","Less than 25","Low","Male",1,0,2,1,1,"2013-01-22 12:22:03","2013-01-22 01:49:40",0,0,2,1
"111",27,"F","African-American","25 - 45","High","Male",9,-1,10,1,1,"2013-02-05 11:27:02","2015-04-16 06:28:26",0,0,1,1
"112",23,"F","African-American","Less than 25","Medium","Male",1,0,6,1,1,"2013-04-05 06:11:22","2013-04-06 05:17:31",0,0,0,1
"113",23,"F","African-American","Less than 25","Medium","Female",3,-1,5,1,1,"2014-05-08 09:00:55","2014-05-09 01:44:12",0,0,0,1
"114",33,"M","African-American","25 - 45","Medium","Male",4,-1,5,1,1,"2014-06-01 09:28:27","2014-06-03 03:12:10",0,0,0,1
"115",43,"F","African-American","25 - 45","Medium","Male",9,-1,6,1,1,"2013-03-24 08:22:40","2013-03-25 07:55:14",0,0,0,1
"116",25,"F","African-American","25 - 45","High","Male",11,-1,9,1,1,"2013-05-20 05:02:22","2013-05-27 02:35:13",0,1,0,1
"117",25,"F","Native American","25 - 45","High","Male",7,0,9,1,0,"2013-01-19 12:25:22","2013-01-20 07:58:22",0,0,0,1
"118",27,"F","African-American","25 - 45","High","Female",3,-1,9,1,1,"2014-04-01 07:29:54","2014-04-04 09:24:50",0,0,0,1
"119",25,"M","Other","25 - 45","Low","Male",1,-1,4,1,1,"2013-08-12 08:23:20","2013-10-09 09:34:57",0,0,0,1
"120",20,"M","African-American","Less than 25","High","Male",0,-1,10,1,1,"2014-09-28 05:46:42","2014-10-02 08:08:29",0,0,0,1
"121",32,"F","African-American","25 - 45","Medium","Male",4,-1,6,1,1,"2013-02-13 05:34:20","2014-04-03 06:22:15",0,0,0,1
"122",28,"F","African-American","25 - 45","Medium","Male",7,-1,7,1,1,"2014-08-16 05:41:44","2014-08-18 02:54:31",0,0,0,1
"123",34,"M","African-American","25 - 45","Low","Female",0,-1,3,1,0,"2013-02-23 03:07:35","2013-02-24 06:13:24",0,0,0,1
"124",20,"F","Other","Less than 25","High","Male",8,-1,10,1,1,"2013-11-03 07:03:06","2013-11-04 08:10:42",0,8,1,1
"125",29,"F","African-American","25 - 45","High","Male",4,0,10,1,1,"2013-02-07 02:10:43","2014-01-28 06:29:27",1,1,1,1
"126",20,"F","African-American","Less than 25","High","Male",0,-1,10,1,1,"2014-07-08 02:25:20","2015-02-02 06:30:23",0,0,0,1
"127",26,"F","African-American","25 - 45","High","Female",5,-1,9,1,1,"2014-10-19 08:39:38","2014-10-26 04:44:30",0,0,0,1
"128",29,"M","Caucasian","25 - 45","High","Male",7,-1,10,1,1,"2014-06-07 01:31:38","2014-06-08 08:07:43",0,0,0,1
"129",51,"F","Caucasian","Greater than 45","Low","Male",7,-1,1,1,1,"2013-03-20 03:05:46","2013-04-04 01:57:07",0,0,0,1
"130",25,"F","African-American","25 - 45","High","Male",15,-1,9,1,1,"2013-03-13 05:33:27","2013-03-15 05:42:00",0,3,1,1
"131",43,"F","Caucasian","25 - 45","Medium","Male",4,0,5,1,1,"2014-06-29 03:34:28","2014-07-01 05:12:10",0,0,0,1
"132",22,"M","African-American","Less than 25","Medium","Male",1,-1,6,1,1,"2013-12-12 03:05:58","2013-12-16 05:21:20",0,0,0,1
"133",20,"F","African-American","Less than 25","Low","Male",0,-1,4,1,0,"2013-11-14 06:08:57","2013-11-15 08:54:29",0,0,2,1
"134",37,"F","Caucasian","25 - 45","Low","Male",0,-4,2,1,1,"2013-04-22 02:29:12","2013-04-23 03:38:43",0,0,0,1
"135",38,"F","African-American","25 - 45","High","Female",14,-1,10,1,1,"2014-07-12 06:46:27","2014-07-17 05:29:07",0,0,0,1
"136",27,"F","African-American","25 - 45","High","Male",3,-1,8,1,1,"2014-08-28 12:41:52","2014-08-29 01:55:31",0,0,0,1
"137",22,"F","African-American","Less than 25","High","Male",3,-1,8,1,1,"2014-02-05 03:18:50","2014-03-03 08:00:17",0,0,0,1
"138",53,"M","African-American","Greater than 45","Low","Male",0,0,1,1,1,"2013-01-24 03:10:35","2013-01-25 12:12:01",0,0,0,1
"139",42,"M","Caucasian","25 - 45","Low","Male",1,-1,3,1,1,"2013-10-28 08:04:32","2013-10-29 02:05:32",0,0,0,1
"140",39,"F","Other","25 - 45","Low","Male",1,-1,2,1,1,"2013-09-22 10:25:30","2013-09-23 01:52:27",0,0,0,1
"141",43,"F","Caucasian","25 - 45","Low","Male",1,-1,2,1,1,"2013-02-10 09:37:38","2013-04-16 07:46:56",0,0,0,1
"142",22,"M","African-American","Less than 25","Low","Male",0,-1,3,1,1,"2013-04-19 11:33:48","2013-04-20 01:40:27",0,0,0,1
"143",32,"F","African-American","25 - 45","Medium","Male",2,0,7,1,1,"2013-08-26 03:38:03","2013-08-27 05:13:33",0,0,0,1
"144",22,"F","African-American","Less than 25","Medium","Male",3,20,5,1,1,"2014-01-06 01:56:32","2014-08-08 10:08:29",0,0,0,1
"145",61,"M","Caucasian","Greater than 45","Low","Male",3,0,2,1,1,"2014-09-22 07:01:15","2014-09-23 03:26:36",0,0,0,1
"146",24,"M","African-American","Less than 25","High","Male",12,0,9,1,1,"2013-01-31 03:56:16","2013-03-09 03:03:58",0,5,0,1
"147",31,"F","African-American","25 - 45","High","Male",6,-1,10,1,1,"2013-01-04 04:19:50","2013-02-04 12:38:13",3,0,0,1
"148",21,"F","Caucasian","Less than 25","Medium","Female",0,-1,6,1,1,"2014-12-27 09:18:01","2014-12-28 01:35:14",0,0,0,1
"149",54,"M","Caucasian","Greater than 45","Low","Male",14,-1,4,1,1,"2014-04-08 09:56:20","2014-05-06 10:12:47",0,0,0,1
"150",25,"M","Caucasian","25 - 45","High","Male",5,-1,9,1,1,"2013-11-06 11:10:50","2013-11-21 09:35:41",0,0,1,1
"151",25,"M","African-American","25 - 45","High","Male",8,-1,10,1,1,"2013-04-08 05:47:18","2013-04-10 01:26:53",0,0,0,1
"152",20,"M","Caucasian","Less than 25","High","Female",3,-1,10,1,1,"2014-03-25 06:58:54","2014-03-26 01:23:55",0,2,1,1
"153",21,"F","Caucasian","Less than 25","High","Male",5,-10,8,1,1,"2014-05-09 09:30:19","2014-05-11 01:49:57",0,0,0,1
"154",31,"F","Other","25 - 45","Low","Male",2,-1,2,1,1,"2013-05-01 03:08:07","2013-05-14 11:36:33",0,0,0,1
"155",33,"M","African-American","25 - 45","Medium","Male",7,-1,6,1,1,"2013-03-01 05:09:59","2013-03-03 04:26:19",0,0,0,1
"156",36,"F","Hispanic","25 - 45","Low","Male",1,30,4,1,1,"2013-02-06 10:09:18","2013-05-24 06:02:05",0,0,0,1
"157",28,"F","African-American","25 - 45","Medium","Male",4,0,6,1,1,"2013-05-14 03:57:54","2013-06-04 05:09:09",0,0,0,1
"158",21,"F","Caucasian","Less than 25","High","Male",0,0,8,1,1,"2013-05-10 02:20:24","2013-05-14 05:41:25",0,0,0,1
"159",28,"M","Caucasian","25 - 45","Low","Male",0,0,2,1,1,"2013-01-24 12:35:09","2013-01-27 08:05:49",0,0,0,1
"160",43,"F","Caucasian","25 - 45","Medium","Male",11,16,7,1,1,"2013-09-06 05:24:24","2013-11-22 04:21:07",0,0,0,1
"161",24,"F","African-American","Less than 25","High","Male",8,-1,9,1,1,"2013-05-15 06:50:18","2013-05-16 04:10:04",0,2,1,1
"162",45,"F","African-American","Greater than 45","Medium","Male",8,-1,7,1,1,"2013-05-03 07:04:28","2013-05-04 01:16:42",0,0,0,1
"163",32,"F","African-American","25 - 45","Medium","Male",1,-1,5,1,1,"2013-11-06 10:29:11","2013-11-26 06:16:00",0,0,0,1
"164",21,"F","African-American","Less than 25","Medium","Male",1,-1,5,1,1,"2013-10-30 04:56:29","2013-11-10 09:03:31",0,0,0,1
"165",32,"F","African-American","25 - 45","Medium","Male",24,-1,7,1,1,"2014-11-14 10:48:40","2014-11-17 08:11:13",1,3,0,1
"166",19,"M","Caucasian","Less than 25","Medium","Male",0,-1,6,1,1,"2014-07-03 09:58:44","2014-07-06 04:26:19",0,0,0,1
"167",30,"F","African-American","25 - 45","Medium","Male",1,-1,6,1,1,"2013-02-07 03:51:09","2013-02-08 02:09:27",0,0,0,1
"168",21,"F","Caucasian","Less than 25","High","Male",0,-2,9,1,1,"2013-07-27 11:47:49","2013-07-28 05:43:39",0,0,0,1
"169",31,"F","Caucasian","25 - 45","Medium","Male",1,-1,7,1,1,"2014-11-13 05:26:22","2014-12-16 04:07:30",0,0,0,1
"170",51,"F","African-American","Greater than 45","Low","Male",0,0,2,1,1,"2013-05-08 02:42:29","2013-05-09 09:51:05",0,0,0,1
"171",26,"F","Caucasian","25 - 45","Medium","Male",7,-1,6,1,1,"2013-03-18 07:27:49","2013-04-05 08:05:25",0,0,0,1
"172",33,"F","Caucasian","25 - 45","High","Male",7,-1,8,1,1,"2014-07-26 03:22:27","2014-07-27 08:26:01",0,0,0,1
"173",19,"F","Hispanic","Less than 25","High","Male",1,-12,9,1,0,"2013-09-11 07:10:26","2013-09-16 06:40:29",1,0,0,1
"174",27,"F","African-American","25 - 45","High","Male",0,-1,8,1,1,"2013-11-12 08:49:59","2014-01-12 07:13:33",0,0,0,1
"175",30,"F","African-American","25 - 45","High","Male",5,-1,9,1,1,"2013-05-01 01:32:49","2013-05-03 03:49:21",1,0,0,1
"176",23,"F","African-American","Less than 25","Low","Male",1,-1,2,1,0,"2013-01-17 01:19:27","2013-01-19 09:27:19",0,1,1,1
"177",32,"F","Caucasian","25 - 45","Low","Male",2,-27,4,1,1,"2014-06-05 11:53:48","2014-06-06 02:23:00",0,0,0,1
"178",34,"F","African-American","25 - 45","Low","Male",3,-1,1,1,1,"2013-02-06 12:54:19","2013-03-12 09:26:08",0,0,1,1
"179",25,"F","Other","25 - 45","High","Male",24,-1,10,1,1,"2014-08-18 10:49:05","2014-08-19 07:37:38",20,0,0,1
"180",29,"F","African-American","25 - 45","High","Male",13,0,10,1,1,"2014-12-08 12:41:35","2014-12-10 05:10:10",0,1,0,1
"181",26,"F","African-American","25 - 45","High","Male",9,-1,8,1,1,"2014-03-05 09:51:09","2014-03-08 01:29:05",0,0,0,1
"182",44,"M","African-American","25 - 45","High","Male",19,-17,9,1,1,"2014-08-03 01:39:31","2014-08-20 11:15:38",2,0,0,1
"183",24,"F","Hispanic","Less than 25","High","Male",11,-15,10,1,1,"2013-03-12 11:19:44","2013-03-13 01:53:48",0,0,0,1
"184",22,"M","African-American","Less than 25","Medium","Female",0,0,7,1,1,"2014-10-29 01:41:40","2014-10-29 07:55:17",0,0,0,1
"185",22,"F","African-American","Less than 25","Low","Male",0,-1,3,1,1,"2013-04-11 05:01:46","2013-06-21 05:27:12",0,0,0,1
"186",23,"M","Caucasian","Less than 25","High","Male",0,0,8,1,1,"2013-12-15 05:17:34","2013-12-18 06:00:00",0,0,0,1
"187",35,"F","African-American","25 - 45","Low","Male",7,-23,4,1,1,"2013-09-09 02:47:53","2013-09-09 07:07:40",0,0,0,1
"188",22,"F","African-American","Less than 25","Low","Male",2,-1,4,1,1,"2013-08-20 11:12:08","2013-08-22 07:39:05",0,0,0,1
"189",24,"M","African-American","Less than 25","Medium","Male",2,-1,7,1,1,"2013-01-14 11:05:52","2013-01-26 12:04:24",0,0,0,1
"190",21,"M","Hispanic","Less than 25","Medium","Male",1,-1,5,1,1,"2013-02-15 11:10:37","2013-02-16 01:18:11",0,0,0,1
"191",59,"M","Caucasian","Greater than 45","Low","Male",3,0,1,1,1,"2014-05-01 04:27:00","2014-05-02 11:39:39",0,0,0,1
"192",57,"F","African-American","Greater than 45","Medium","Male",8,-1,5,1,1,"2013-07-31 05:54:37","2013-11-08 03:35:51",0,0,0,1
"193",38,"M","Caucasian","25 - 45","Low","Male",0,-1,3,1,1,"2013-01-27 09:20:52","2013-01-30 05:11:21",0,0,0,1
"194",21,"M","Caucasian","Less than 25","Low","Male",0,-1,4,1,1,"2014-06-13 03:47:26","2014-06-14 01:59:39",0,0,1,1
"195",24,"M","African-American","Less than 25","Low","Male",1,-1,4,1,1,"2014-01-30 11:29:50","2014-01-31 08:13:34",0,0,0,1
"196",48,"M","Caucasian","Greater than 45","High","Male",2,-1,8,1,0,"2013-02-23 02:23:02","2013-02-27 08:21:29",0,0,0,1
"197",37,"F","Hispanic","25 - 45","Low","Male",0,-1,3,1,1,"2014-08-02 08:54:03","2014-08-05 04:53:29",0,0,0,1
"198",29,"M","Caucasian","25 - 45","Medium","Male",7,-1,7,1,1,"2014-04-10 11:56:45","2014-05-08 05:09:20",0,0,1,1
"199",21,"F","Other","Less than 25","Medium","Male",0,-1,5,1,1,"2014-02-21 04:58:53","2014-02-27 12:46:17",0,0,0,1
"200",22,"F","Caucasian","Less than 25","High","Male",5,-2,8,1,1,"2014-11-07 08:17:57","2014-11-12 04:12:00",0,0,2,1
"201",22,"F","Caucasian","Less than 25","Medium","Male",0,-1,7,1,1,"2013-01-31 10:40:18","2013-02-03 09:00:10",0,0,2,1
"202",35,"F","African-American","25 - 45","Low","Male",1,0,1,1,1,"2013-01-21 03:33:22","2013-01-22 06:23:53",0,0,0,1
"203",22,"F","African-American","Less than 25","Medium","Male",3,-1,6,1,0,"2013-04-25 03:56:18","2013-08-31 05:22:10",0,0,0,1
"204",29,"F","African-American","25 - 45","High","Male",4,-1,8,1,0,"2013-02-10 06:11:44","2013-05-01 08:08:58",0,0,0,1
"205",29,"F","African-American","25 - 45","High","Male",12,-1,10,1,1,"2014-02-21 09:47:22","2014-02-27 09:02:04",0,0,0,1
"206",30,"F","Caucasian","25 - 45","Low","Male",3,-1,4,1,1,"2013-04-19 02:21:45","2013-05-01 10:53:53",0,0,0,1
"207",39,"F","Caucasian","25 - 45","Low","Male",3,-1,1,1,1,"2013-02-06 07:58:18","2013-02-07 10:26:20",0,0,0,1
"208",38,"M","African-American","25 - 45","Medium","Male",37,-1,7,1,1,"2014-03-31 08:38:47","2014-05-01 05:20:12",0,5,0,1
"209",38,"F","African-American","25 - 45","Medium","Male",2,0,7,1,1,"2013-04-01 10:35:17","2013-10-11 05:44:04",0,0,0,1
"210",35,"F","Caucasian","25 - 45","Medium","Male",6,-10,5,1,1,"2013-10-29 08:37:39","2013-10-31 02:30:32",0,0,0,1
"211",52,"M","African-American","Greater than 45","Low","Male",1,1,1,1,1,"2013-06-04 11:14:23","2013-08-14 08:45:53",0,0,0,1
"212",21,"M","Caucasian","Less than 25","High","Male",0,-1,8,1,1,"2014-01-09 11:12:45","2014-01-18 12:46:35",0,0,0,1
"213",36,"M","African-American","25 - 45","Low","Male",3,-1,2,1,1,"2013-10-29 03:05:24","2013-10-31 12:47:14",0,0,0,1
"214",27,"F","African-American","25 - 45","High","Male",25,18,10,1,1,"2014-08-03 09:08:30","2014-09-13 04:26:01",0,0,0,1
"215",21,"M","African-American","Less than 25","High","Male",1,0,8,1,0,"2013-01-01 10:37:34","2013-01-02 01:16:38",0,1,0,1
"216",37,"M","Caucasian","25 - 45","Low","Male",1,-1,1,1,1,"2014-02-01 04:29:57","2014-02-02 08:38:06",0,0,0,1
"217",30,"F","African-American","25 - 45","High","Female",14,0,10,1,1,"2013-01-07 04:56:40","2013-01-12 08:50:28",0,3,2,1
"218",26,"F","African-American","25 - 45","Medium","Male",5,-1,7,1,1,"2013-04-09 11:57:35","2013-04-16 10:03:13",0,0,0,1
"219",28,"F","Other","25 - 45","Low","Male",1,-1,3,1,1,"2014-03-02 04:53:07","2014-03-03 08:04:38",0,0,0,1
"220",26,"F","Caucasian","25 - 45","High","Male",8,-1,10,1,1,"2013-03-22 06:22:56","2013-05-03 03:49:00",0,3,0,1
"221",25,"F","Caucasian","25 - 45","Low","Male",0,0,2,1,1,"2014-09-08 03:42:10","2014-09-11 03:44:41",0,0,0,1
"222",20,"F","Caucasian","Less than 25","Medium","Male",0,-1,6,1,1,"2014-03-27 01:13:30","2014-04-04 08:54:48",0,0,1,1
"223",24,"F","African-American","Less than 25","Low","Male",1,-1,2,1,1,"2014-01-13 09:14:52","2014-01-19 09:29:15",0,0,0,1
"224",40,"M","Caucasian","25 - 45","Low","Male",0,-1,1,1,1,"2014-11-27 04:39:17","2014-11-28 01:49:05",0,0,0,1
"225",30,"M","Caucasian","25 - 45","High","Male",1,0,8,1,1,"2013-04-12 05:23:21","2013-04-12 08:19:16",0,0,0,1
"226",24,"M","Caucasian","Less than 25","Medium","Male",3,-1,5,1,1,"2013-12-22 06:05:43","2013-12-23 07:54:43",0,0,3,1
"227",35,"M","African-American","25 - 45","High","Male",10,0,8,1,1,"2013-05-19 12:58:48","2013-05-20 02:43:09",0,0,0,1
"228",24,"F","African-American","Less than 25","Medium","Male",4,-1,6,1,1,"2014-10-06 01:51:55","2014-10-07 06:59:41",0,1,3,1
"229",26,"F","African-American","25 - 45","High","Male",4,0,8,1,1,"2014-05-10 12:21:42","2014-05-11 01:42:50",0,0,0,1
"230",37,"F","African-American","25 - 45","Medium","Male",9,0,6,1,1,"2013-09-13 03:59:13","2013-09-14 04:59:30",0,0,0,1
"231",26,"F","African-American","25 - 45","Medium","Male",5,-1,7,1,1,"2013-12-17 06:58:28","2013-12-23 08:06:12",0,1,2,1
"232",19,"M","Other","Less than 25","High","Male",0,-1,9,1,1,"2014-10-07 03:10:54","2014-10-08 08:30:31",0,0,0,1
"233",42,"F","African-American","25 - 45","Medium","Male",7,-1,5,1,1,"2014-03-07 11:33:05","2014-03-09 09:14:28",0,0,0,1
"234",27,"F","African-American","25 - 45","Medium","Male",8,-1,7,1,1,"2013-03-08 01:58:58","2013-04-26 07:01:57",0,0,0,1
"235",26,"M","Caucasian","25 - 45","Low","Male",9,0,4,1,1,"2014-09-14 01:12:37","2014-09-15 07:09:10",0,0,0,1
"236",23,"M","Other","Less than 25","High","Male",5,-1,10,1,1,"2013-02-10 06:01:35","2013-03-14 09:11:16",0,0,0,1
"237",21,"F","Caucasian","Less than 25","High","Male",0,-1,8,1,1,"2013-03-21 03:09:22","2013-03-28 07:17:08",0,0,0,1
"238",30,"F","African-American","25 - 45","High","Male",9,-1,10,1,1,"2014-11-04 08:54:31","2015-05-19 11:36:21",0,0,0,1
"239",54,"F","Caucasian","Greater than 45","Low","Female",0,0,3,1,1,"2013-09-06 02:07:01","2013-09-26 10:18:23",0,0,0,1
"240",50,"M","Caucasian","Greater than 45","Low","Male",2,-1,1,1,1,"2014-09-14 06:27:22","2014-09-15 01:04:02",0,0,0,1
"241",26,"F","African-American","25 - 45","High","Male",3,-1,10,1,1,"2013-04-24 07:41:36","2013-04-28 04:07:36",1,0,0,1
"242",43,"M","African-American","25 - 45","Medium","Male",4,0,5,1,1,"2014-05-22 04:41:27","2014-05-23 03:56:30",0,0,0,1
"243",23,"F","Caucasian","Less than 25","Medium","Male",4,0,6,1,1,"2014-10-13 12:49:23","2014-10-13 01:44:37",0,0,4,1
"244",24,"F","Caucasian","Less than 25","Medium","Male",0,0,5,1,1,"2014-03-26 12:17:11","2014-05-02 11:11:37",0,0,0,1
"245",31,"M","African-American","25 - 45","High","Male",8,-1,10,1,1,"2013-09-24 10:11:44","2013-09-28 05:02:49",0,2,0,1
"246",33,"F","Caucasian","25 - 45","High","Male",7,-1,9,1,1,"2014-05-18 12:59:59","2014-05-19 08:39:12",0,0,0,1
"247",44,"F","Caucasian","25 - 45","Medium","Male",6,-1,6,1,1,"2014-01-17 05:32:07","2014-10-14 06:07:45",0,0,0,1
"248",41,"F","African-American","25 - 45","High","Male",25,-1,9,1,1,"2013-02-05 05:31:42","2013-08-10 05:00:46",0,0,0,1
"249",30,"F","African-American","25 - 45","Low","Male",0,-1,2,1,1,"2013-12-13 10:27:58","2013-12-14 08:35:08",0,0,0,1
"250",19,"M","African-American","Less than 25","High","Female",0,-1,8,1,1,"2014-07-06 03:06:43","2014-07-07 07:43:34",0,0,0,1
"251",54,"M","African-American","Greater than 45","Low","Male",0,0,1,1,1,"2013-03-04 03:35:08","2013-03-04 07:18:36",0,0,0,1
"252",38,"F","Hispanic","25 - 45","High","Female",20,-1,9,1,1,"2013-04-07 07:10:02","2013-04-09 05:16:12",0,0,0,1
"253",31,"M","African-American","25 - 45","Medium","Female",0,-2,6,1,1,"2013-07-09 03:27:31","2013-07-11 01:36:23",0,0,0,1
"254",35,"F","Caucasian","25 - 45","Medium","Male",2,0,5,1,1,"2014-06-07 03:26:40","2014-06-08 03:06:00",0,0,0,1
"255",30,"F","African-American","25 - 45","High","Female",9,-1,9,1,1,"2013-02-11 03:29:53","2013-10-12 05:40:21",0,0,0,1
"256",31,"F","Caucasian","25 - 45","High","Male",4,0,8,1,1,"2013-11-28 02:42:55","2013-11-30 02:26:32",0,1,1,1
"257",36,"M","African-American","25 - 45","Medium","Male",5,-1,5,1,1,"2013-01-23 03:15:23","2013-01-24 06:43:56",0,0,0,1
"258",34,"F","African-American","25 - 45","High","Male",0,-1,9,1,1,"2013-11-17 02:12:32","2013-11-19 10:37:14",0,0,0,1
"259",49,"M","Other","Greater than 45","Low","Male",0,-1,1,1,1,"2013-05-14 01:25:33","2013-05-15 02:11:30",0,0,0,1
"260",21,"F","African-American","Less than 25","Low","Male",0,16,4,1,1,"2014-08-24 05:26:00","2014-09-24 04:08:57",0,0,0,1
"261",22,"F","African-American","Less than 25","High","Male",3,0,10,1,1,"2013-01-20 03:49:43","2013-12-05 06:38:32",0,1,1,1
"262",28,"M","African-American","25 - 45","Medium","Male",14,29,7,1,1,"2014-08-14 01:01:25","2014-09-03 09:23:36",0,1,0,1
"263",23,"F","African-American","Less than 25","High","Male",0,-1,8,1,1,"2013-04-23 06:47:37","2013-04-25 08:21:03",0,0,0,1
"264",42,"M","African-American","25 - 45","Medium","Male",1,0,6,1,1,"2014-03-27 02:19:13","2014-04-02 05:22:52",0,0,0,1
"265",50,"M","African-American","Greater than 45","High","Male",24,0,8,1,1,"2013-01-07 02:25:09","2013-02-08 11:34:13",0,0,2,1
"266",41,"F","Hispanic","25 - 45","High","Male",19,-1,10,1,1,"2014-12-25 06:50:18","2015-02-06 05:56:01",0,0,0,1
"267",40,"F","Other","25 - 45","Medium","Male",8,-1,7,1,1,"2013-12-13 03:49:59","2014-01-22 08:33:50",0,0,0,1
"268",35,"M","African-American","25 - 45","Medium","Female",3,0,6,1,1,"2013-05-06 03:16:04","2013-05-07 02:38:52",0,0,0,1
"269",28,"F","African-American","25 - 45","High","Male",6,-1,9,1,1,"2013-11-12 07:13:43","2013-11-15 04:09:00",0,1,0,1
"270",56,"M","Caucasian","Greater than 45","Low","Male",0,-2,1,1,1,"2013-01-01 12:26:08","2013-01-02 07:32:07",0,0,0,1
"271",47,"M","African-American","Greater than 45","Low","Male",1,-1,1,1,1,"2014-03-20 02:12:50","2014-03-22 03:16:24",0,0,0,1
"272",20,"F","Caucasian","Less than 25","Low","Female",0,-2,3,1,0,"2014-01-25 11:11:50","2014-01-26 02:05:49",0,0,0,1
"273",25,"M","Hispanic","25 - 45","Low","Male",2,-1,3,1,1,"2013-03-16 01:12:33","2013-03-17 02:03:07",0,0,0,1
"274",26,"M","Caucasian","25 - 45","Medium","Male",9,-1,7,1,1,"2013-03-24 02:25:59","2013-03-25 08:04:10",0,0,0,1
"275",34,"F","African-American","25 - 45","Medium","Female",1,-1,7,1,1,"2013-09-29 11:30:37","2014-01-23 12:04:18",0,0,0,1
"276",32,"F","African-American","25 - 45","Medium","Male",6,-1,7,1,1,"2013-10-11 05:38:14","2013-10-15 07:11:17",0,0,0,1
"277",25,"F","African-American","25 - 45","Low","Male",1,-1,4,1,1,"2013-01-03 09:57:32","2013-01-04 01:36:49",0,0,0,1
"278",24,"F","Other","Less than 25","Low","Male",1,-1,4,1,1,"2013-05-18 05:53:46","2013-05-23 03:55:02",0,0,0,1
"279",30,"F","African-American","25 - 45","Medium","Female",3,0,6,1,1,"2013-09-26 04:53:11","2013-10-08 05:32:22",0,0,0,1
"280",27,"M","African-American","25 - 45","Medium","Male",2,0,5,1,1,"2013-05-24 04:38:03","2013-05-31 10:05:39",0,0,0,1
"281",25,"F","African-American","25 - 45","Medium","Female",0,-1,5,1,1,"2013-02-25 10:08:13","2013-02-26 12:52:06",0,0,0,1
"282",31,"F","Caucasian","25 - 45","High","Male",9,0,8,1,1,"2013-01-13 03:26:50","2013-05-10 01:28:33",0,0,0,1
"283",31,"M","Other","25 - 45","Low","Male",3,-1,1,1,1,"2013-05-03 12:37:24","2013-05-04 05:39:19",0,0,0,1
"284",32,"F","African-American","25 - 45","High","Male",2,0,8,1,1,"2014-01-04 02:55:07","2014-01-23 10:05:15",0,0,0,1
"285",55,"M","Caucasian","Greater than 45","Low","Male",0,-1,1,1,1,"2013-10-09 05:20:59","2013-11-08 10:11:50",0,0,0,1
"286",28,"F","African-American","25 - 45","High","Male",7,-1,10,1,1,"2014-07-04 08:01:25","2014-07-05 08:26:16",1,0,0,1
"287",39,"F","Hispanic","25 - 45","Low","Female",10,-1,4,1,1,"2014-01-11 09:59:10","2014-01-12 02:30:18",0,0,2,1
"288",32,"M","African-American","25 - 45","High","Male",12,-1,10,1,1,"2013-05-06 08:54:39","2013-05-08 02:59:50",0,1,3,1
"289",35,"M","Caucasian","25 - 45","Low","Male",2,0,2,1,1,"2013-08-27 01:13:03","2013-09-30 06:47:08",0,0,0,1
"290",25,"F","Hispanic","25 - 45","Low","Male",0,0,2,1,1,"2013-02-11 04:13:47","2013-02-11 06:53:25",0,0,0,1
"291",21,"F","African-American","Less than 25","Medium","Male",0,-1,5,1,1,"2013-08-16 08:09:44","2013-09-27 10:31:00",0,0,0,1
"292",35,"F","Hispanic","25 - 45","Medium","Male",5,0,7,1,0,"2013-05-09 02:43:09","2013-05-09 07:43:17",0,0,0,1
"293",57,"F","African-American","Greater than 45","High","Male",23,-1,8,1,1,"2013-02-20 01:25:04","2013-03-22 05:54:39",0,0,0,1
"294",29,"M","African-American","25 - 45","Low","Male",2,-1,3,1,1,"2013-01-26 01:09:16","2013-01-28 03:32:20",0,1,0,1
"295",26,"F","African-American","25 - 45","Low","Male",2,0,2,1,1,"2013-10-04 05:39:27","2013-10-08 01:24:50",0,0,0,1
"296",50,"M","Caucasian","Greater than 45","Low","Male",3,0,4,1,1,"2013-02-16 05:51:43","2013-03-13 10:56:47",0,0,0,1
"297",34,"F","African-American","25 - 45","High","Male",6,-1,8,1,1,"2013-01-22 07:32:23","2013-02-05 07:22:29",0,0,0,1
"298",24,"M","Other","Less than 25","High","Male",3,-1,8,1,1,"2014-04-17 09:15:00","2014-04-20 11:07:10",0,0,0,1
"299",29,"F","Caucasian","25 - 45","Medium","Male",6,-3,5,1,1,"2013-06-07 12:58:38","2013-06-08 07:37:28",0,0,0,1
"300",24,"M","African-American","Less than 25","Low","Male",1,-1,2,1,1,"2014-04-12 12:19:56","2014-04-13 09:21:08",0,0,0,1
"301",24,"M","African-American","Less than 25","High","Male",9,-7,9,1,1,"2013-02-05 02:02:29","2013-02-09 04:42:56",1,0,1,1
"302",23,"F","African-American","Less than 25","High","Male",7,-1,8,1,1,"2013-08-21 01:25:33","2013-08-22 06:49:00",0,1,0,1
"303",49,"M","African-American","Greater than 45","Medium","Male",1,-1,7,1,0,"2013-02-20 01:41:20","2013-03-02 09:15:54",0,0,0,1
"304",50,"F","Caucasian","Greater than 45","Low","Male",0,0,1,1,1,"2014-01-27 06:59:07","2014-03-04 01:51:57",0,0,0,1
"305",28,"F","African-American","25 - 45","High","Male",21,-1,10,1,0,"2013-01-13 07:08:36","2013-01-14 08:33:28",0,2,0,1
"306",20,"F","African-American","Less than 25","High","Male",1,0,8,1,1,"2013-08-20 02:40:22","2013-08-20 07:11:30",0,1,0,1
"307",56,"M","Hispanic","Greater than 45","Low","Male",10,-1,2,1,1,"2014-01-03 11:38:48","2014-01-16 12:08:40",0,0,0,1
"308",38,"F","African-American","25 - 45","High","Male",19,-4,9,1,1,"2013-06-01 09:43:13","2013-06-02 08:07:58",0,0,0,1
"309",21,"M","Caucasian","Less than 25","Low","Male",1,-1,4,1,1,"2013-12-12 11:06:24","2013-12-13 01:47:07",0,0,0,1
"310",45,"M","African-American","Greater than 45","Medium","Male",13,-1,7,1,1,"2013-05-25 08:32:38","2013-05-31 11:05:15",0,0,0,1
"311",23,"F","Caucasian","Less than 25","High","Male",0,0,9,1,1,"2013-01-03 12:02:47","2013-01-22 08:41:13",0,0,1,1
"312",28,"F","Caucasian","25 - 45","Low","Male",2,-1,2,1,1,"2013-10-03 03:57:15","2013-10-13 05:03:29",0,0,0,1
"313",23,"F","Other","Less than 25","Medium","Male",7,0,6,1,1,"2013-04-07 03:12:39","2013-04-16 10:03:25",0,2,0,1
"314",24,"F","African-American","Less than 25","Medium","Female",2,-1,6,1,1,"2014-08-09 08:59:23","2014-08-10 09:28:19",0,0,0,1
"315",26,"M","African-American","25 - 45","High","Male",24,-1,10,1,1,"2013-01-12 11:37:16","2013-04-08 08:36:41",1,3,0,1
"316",46,"F","Caucasian","Greater than 45","Low","Male",0,-1,1,1,0,"2013-04-25 05:09:02","2013-04-27 04:59:30",0,0,0,1
"317",38,"M","Caucasian","25 - 45","Medium","Female",1,-1,6,1,1,"2013-02-09 03:23:30","2013-02-10 08:17:31",0,0,0,1
"318",40,"F","African-American","25 - 45","Medium","Male",5,0,7,1,1,"2014-07-29 01:35:57","2014-08-28 10:17:57",0,0,0,1
"319",31,"F","African-American","25 - 45","Low","Male",3,-1,3,1,1,"2013-09-19 06:33:00","2013-10-05 01:36:21",0,0,0,1
"320",28,"F","African-American","25 - 45","High","Male",18,-1,10,1,1,"2013-03-09 08:14:54","2013-03-21 09:56:34",0,0,0,1
"321",36,"F","African-American","25 - 45","Medium","Female",5,0,6,1,1,"2013-01-01 05:49:29","2013-01-02 01:39:04",0,0,0,1
"322",37,"F","African-American","25 - 45","Low","Male",0,-1,1,1,1,"2014-01-03 09:10:13","2014-01-04 01:42:06",0,0,0,1
"323",23,"F","African-American","Less than 25","High","Male",0,-1,9,1,1,"2013-02-12 04:51:57","2013-02-27 01:07:06",0,0,0,1
"324",44,"M","Caucasian","25 - 45","Low","Male",0,-1,1,1,1,"2014-01-24 05:19:29","2014-01-26 09:50:54",0,0,0,1
"325",52,"F","Hispanic","Greater than 45","Low","Male",5,-1,3,1,1,"2013-04-02 10:32:57","2013-04-09 07:06:41",0,0,0,1
"326",58,"F","Caucasian","Greater than 45","Low","Male",1,-1,1,1,1,"2013-12-31 06:12:18","2014-01-01 01:31:02",0,0,0,1
"327",19,"F","African-American","Less than 25","High","Female",1,-1,9,1,1,"2014-08-05 07:05:17","2015-10-13 07:10:00",0,0,0,1
"328",34,"M","African-American","25 - 45","Low","Male",0,-1,1,1,1,"2013-03-30 06:53:38","2013-04-01 12:45:32",0,0,0,1
"329",23,"F","African-American","Less than 25","High","Female",2,16,10,1,1,"2013-03-02 04:43:32","2013-06-26 08:30:17",0,0,0,1
"330",21,"F","African-American","Less than 25","Medium","Male",1,-1,6,1,1,"2013-08-28 11:29:05","2013-08-30 01:35:02",0,0,0,1
"331",43,"M","Caucasian","25 - 45","Low","Female",3,9,2,1,1,"2013-08-08 06:27:18","2013-08-09 06:29:52",0,0,0,1
"332",36,"M","Other","25 - 45","Low","Male",3,-1,4,1,1,"2013-11-04 12:26:37","2013-12-20 09:17:28",0,0,0,1
"333",34,"M","African-American","25 - 45","High","Male",21,-1,10,1,1,"2013-12-07 10:49:28","2013-12-13 05:26:14",1,0,0,1
"334",45,"M","Caucasian","Greater than 45","Low","Male",3,-1,3,1,1,"2013-05-21 11:38:18","2013-08-22 09:33:30",0,0,0,1
"335",24,"F","African-American","Less than 25","High","Male",14,-1,10,1,1,"2013-05-17 05:23:41","2013-11-13 05:58:39",0,4,0,1
"336",33,"F","Caucasian","25 - 45","Medium","Male",0,0,6,1,1,"2013-04-19 03:25:56","2013-04-19 07:26:13",0,0,0,1
"337",35,"F","African-American","25 - 45","Low","Male",5,-1,4,1,1,"2013-02-08 01:19:12","2013-09-21 04:54:31",0,0,0,1
"338",24,"F","African-American","Less than 25","High","Male",3,-1,10,1,1,"2013-11-06 06:35:18","2013-12-20 09:11:24",0,0,3,1
"339",37,"M","African-American","25 - 45","Medium","Male",11,-1,7,1,1,"2014-05-29 08:59:15","2014-05-30 01:17:20",0,0,0,1
"340",37,"M","Caucasian","25 - 45","Low","Male",4,0,4,1,1,"2013-01-29 03:26:56","2013-01-29 09:19:35",0,0,0,1
"341",33,"F","African-American","25 - 45","High","Male",2,-1,8,1,1,"2014-11-13 12:10:56","2014-11-14 08:36:47",0,0,0,1
"342",35,"F","African-American","25 - 45","High","Male",6,-1,8,1,1,"2014-05-28 07:21:57","2014-06-08 04:15:39",0,0,0,1
"343",23,"F","African-American","Less than 25","Medium","Male",6,0,6,1,1,"2013-04-26 05:16:50","2013-04-27 07:43:41",0,0,0,1
"344",32,"F","African-American","25 - 45","High","Male",7,0,9,1,1,"2013-02-27 05:00:06","2013-04-05 06:02:00",0,0,0,1
"345",35,"M","Hispanic","25 - 45","Medium","Male",5,-1,6,1,1,"2013-03-26 05:31:34","2013-03-28 08:56:16",0,0,0,1
"346",47,"M","Caucasian","Greater than 45","Low","Male",5,0,3,1,1,"2013-08-14 05:45:53","2013-08-14 09:05:13",0,0,0,1
"347",63,"F","Caucasian","Greater than 45","Low","Male",10,0,4,1,1,"2013-10-03 02:28:42","2013-10-05 04:18:17",0,0,0,1
"348",38,"F","African-American","25 - 45","High","Male",16,-1,9,1,1,"2013-05-16 05:17:01","2014-01-13 02:08:20",0,1,0,1
"349",31,"F","African-American","25 - 45","High","Male",4,-1,8,1,1,"2013-12-07 04:12:04","2013-12-31 08:45:57",0,0,0,1
"350",21,"M","Caucasian","Less than 25","Medium","Male",4,-1,7,1,1,"2013-12-16 03:44:25","2014-01-18 05:14:41",0,1,0,1
"351",39,"F","African-American","25 - 45","High","Female",22,-1,10,1,1,"2014-02-08 09:20:45","2014-02-12 09:20:16",0,2,0,1
"352",36,"M","African-American","25 - 45","Medium","Female",4,-1,6,1,1,"2014-05-05 07:23:18","2014-05-07 03:34:51",2,0,0,1
"353",35,"F","Caucasian","25 - 45","Medium","Male",3,-1,5,1,1,"2014-12-11 04:17:47","2014-12-12 08:48:06",0,0,0,1
"354",36,"F","African-American","25 - 45","Low","Female",1,-1,3,1,1,"2014-04-29 07:18:20","2014-04-30 01:35:33",0,0,0,1
"355",42,"M","African-American","25 - 45","Medium","Male",10,-1,5,1,1,"2014-05-26 11:28:58","2014-05-27 08:41:35",0,0,0,1
"356",40,"M","Caucasian","25 - 45","High","Male",0,-1,8,1,1,"2014-11-19 03:55:33","2014-12-19 01:16:35",0,0,0,1
"357",39,"F","African-American","25 - 45","High","Male",7,0,8,1,1,"2013-03-31 02:37:57","2013-03-31 06:29:12",0,0,0,1
"358",33,"F","African-American","25 - 45","High","Male",14,-1,8,1,1,"2014-01-18 09:19:00","2014-01-19 08:18:53",0,0,0,1
"359",32,"M","African-American","25 - 45","Low","Male",1,-1,4,1,1,"2013-04-06 05:35:58","2013-04-10 05:02:49",0,0,0,1
"360",25,"M","African-American","25 - 45","Low","Male",0,0,2,1,1,"2014-12-10 01:56:11","2014-12-10 08:00:57",0,0,0,1
"361",25,"M","African-American","25 - 45","Low","Male",4,-1,3,1,1,"2014-11-18 07:32:19","2014-11-27 08:30:00",0,0,0,1
"362",30,"F","Other","25 - 45","High","Male",6,-1,9,1,1,"2013-10-24 07:05:58","2013-11-11 02:16:33",0,0,0,1
"363",31,"F","African-American","25 - 45","High","Male",11,0,10,1,1,"2014-08-27 12:36:35","2014-08-27 01:58:47",0,0,2,1
"364",33,"M","Caucasian","25 - 45","Low","Male",3,-16,4,1,1,"2013-03-03 11:33:17","2013-03-15 06:19:23",0,0,0,1
"365",23,"F","Caucasian","Less than 25","Medium","Male",2,-1,7,1,1,"2013-09-18 08:45:23","2013-10-03 12:14:36",0,0,0,1
"366",33,"F","Other","25 - 45","Low","Male",0,-1,1,1,1,"2013-01-02 10:07:28","2013-03-27 01:38:36",0,0,0,1
"367",25,"M","African-American","25 - 45","Low","Male",1,-1,2,1,1,"2013-04-26 03:45:27","2013-04-27 07:36:12",0,0,0,1
"368",27,"F","African-American","25 - 45","Medium","Male",4,-1,5,1,1,"2013-11-24 12:20:22","2014-01-14 08:48:27",0,0,0,1
"369",26,"F","Caucasian","25 - 45","High","Male",2,-1,9,1,1,"2014-05-24 08:49:20","2014-05-25 08:41:34",0,0,0,1
"370",30,"M","African-American","25 - 45","Low","Male",10,0,4,1,1,"2013-09-18 03:06:31","2013-09-20 01:52:58",0,0,0,1
"371",55,"F","African-American","Greater than 45","Low","Male",5,-1,4,1,1,"2013-05-10 11:31:10","2013-05-14 01:32:21",0,0,0,1
"372",34,"M","Caucasian","25 - 45","Low","Male",5,-1,2,1,1,"2013-04-19 03:20:12","2013-04-25 05:18:59",0,0,0,1
"373",46,"F","Caucasian","Greater than 45","Low","Female",1,-1,2,1,0,"2013-01-13 01:54:20","2013-02-07 08:44:30",0,0,0,1
"374",37,"M","Hispanic","25 - 45","Low","Male",4,0,1,1,1,"2014-02-03 03:30:54","2014-02-04 04:02:26",0,0,0,1
"375",21,"F","African-American","Less than 25","High","Male",1,-1,10,1,1,"2014-07-27 08:09:50","2014-08-02 04:56:49",1,0,0,1
"376",22,"F","African-American","Less than 25","Low","Male",0,-1,4,1,1,"2013-04-19 11:29:08","2013-04-20 01:45:16",0,0,0,1
"377",44,"M","Caucasian","25 - 45","Low","Female",0,-1,1,1,1,"2013-04-07 09:28:33","2013-04-08 08:23:11",0,0,0,1
"378",21,"F","African-American","Less than 25","High","Male",1,-1,9,1,1,"2013-01-16 04:32:53","2013-01-17 07:40:18",0,0,0,1
"379",32,"M","African-American","25 - 45","Medium","Male",9,-1,7,1,1,"2013-01-23 08:51:29","2013-02-15 09:20:28",0,0,1,1
"380",38,"F","African-American","25 - 45","Medium","Male",9,-1,5,1,1,"2014-08-05 07:00:13","2014-08-07 05:07:25",0,0,0,1
"381",36,"F","Caucasian","25 - 45","Medium","Male",9,0,6,1,1,"2013-04-06 01:15:11","2013-04-25 06:15:47",0,0,0,1
"382",23,"M","Caucasian","Less than 25","High","Male",3,-1,8,1,1,"2013-01-26 07:15:26","2013-02-21 09:21:04",0,0,0,1
"383",51,"F","African-American","Greater than 45","Low","Male",0,-1,4,1,1,"2014-05-22 04:51:07","2014-05-23 08:08:14",0,0,0,1
"384",35,"F","Hispanic","25 - 45","Low","Male",3,-23,1,1,1,"2014-03-12 08:21:31","2014-03-22 02:23:24",0,0,0,1
"385",29,"F","Hispanic","25 - 45","Low","Female",0,-1,4,1,1,"2013-09-19 01:59:44","2013-09-20 07:48:00",0,0,0,1
"386",26,"F","African-American","25 - 45","Medium","Male",4,0,6,1,1,"2014-10-28 01:38:25","2014-12-12 08:07:45",0,0,0,1
"387",55,"M","Caucasian","Greater than 45","Low","Male",0,-1,1,1,1,"2013-12-22 12:42:17","2013-12-22 01:00:00",0,0,0,1
"388",28,"F","Hispanic","25 - 45","Low","Male",2,-1,3,1,1,"2013-03-03 10:29:13","2013-03-05 09:58:12",0,0,0,1
"389",24,"M","African-American","Less than 25","Medium","Male",1,-1,6,1,1,"2014-05-17 11:21:14","2014-05-19 03:52:52",0,0,0,1
"390",24,"F","Other","Less than 25","Low","Female",2,-1,4,1,1,"2014-07-08 03:40:37","2014-07-09 07:31:40",0,0,0,1
"391",25,"F","African-American","25 - 45","High","Male",5,-1,9,1,1,"2014-09-27 04:41:31","2014-11-20 10:01:09",0,0,0,1
"392",31,"M","Caucasian","25 - 45","Low","Male",0,-1,1,1,1,"2014-11-21 08:37:59","2014-11-22 08:22:21",0,0,0,1
"393",29,"M","Caucasian","25 - 45","Medium","Male",4,-1,6,1,1,"2013-04-11 11:52:52","2013-04-18 11:54:40",0,0,0,1
"394",23,"F","African-American","Less than 25","High","Male",3,-1,8,1,1,"2013-12-11 08:58:31","2013-12-12 08:41:19",0,0,2,1
"395",21,"F","African-American","Less than 25","Medium","Female",0,0,7,1,1,"2014-10-04 05:09:06","2014-10-04 07:38:51",0,0,0,1
"396",58,"F","Caucasian","Greater than 45","Medium","Male",4,0,5,1,1,"2014-11-13 11:35:04","2014-11-14 09:12:36",0,0,0,1
"397",23,"M","African-American","Less than 25","Low","Female",0,-1,4,1,0,"2013-01-30 10:25:05","2013-02-01 02:10:14",0,0,0,1
"398",22,"F","African-American","Less than 25","Medium","Male",0,-1,5,1,1,"2013-03-11 10:30:13","2013-03-12 01:07:23",0,0,0,1
"399",43,"M","Caucasian","25 - 45","Low","Female",0,0,1,1,1,"2013-08-02 01:25:54","2013-08-02 07:52:49",0,0,0,1
"400",29,"M","African-American","25 - 45","High","Male",7,-1,8,1,1,"2013-09-07 09:27:43","2013-09-08 06:44:09",0,0,0,1
"401",27,"M","African-American","25 - 45","Medium","Male",8,0,7,1,1,"2013-08-30 12:08:49","2013-08-31 04:11:35",0,0,1,1
"402",51,"F","Caucasian","Greater than 45","Low","Male",1,-2,1,1,1,"2013-03-09 10:28:41","2013-03-10 01:03:52",0,0,0,1
"403",26,"F","Caucasian","25 - 45","Low","Male",4,0,4,1,1,"2013-09-23 12:36:24","2013-09-26 08:28:31",0,0,0,1
"404",31,"M","Caucasian","25 - 45","Medium","Male",4,-1,7,1,1,"2014-01-26 09:54:39","2014-02-22 05:13:12",0,0,0,1
"405",34,"F","Caucasian","25 - 45","Low","Male",0,-1,3,1,0,"2013-05-21 11:08:14","2013-05-22 07:36:48",0,0,0,1
"406",51,"F","African-American","Greater than 45","High","Male",12,-1,8,1,1,"2013-01-14 09:08:43","2013-01-15 01:17:37",0,0,1,1
"407",25,"F","Other","25 - 45","Low","Male",0,-1,2,1,1,"2013-03-20 03:26:30","2013-04-09 08:53:54",0,0,0,1
"408",36,"F","Caucasian","25 - 45","Low","Male",1,-1,2,1,0,"2013-02-07 05:59:46","2013-02-08 02:14:56",0,0,0,1
"409",21,"F","African-American","Less than 25","High","Male",1,-1,9,1,1,"2013-10-14 05:20:14","2015-01-13 06:24:21",0,1,0,1
"410",34,"F","African-American","25 - 45","High","Male",10,-1,9,1,1,"2013-03-17 08:10:17","2013-03-18 02:41:05",1,0,0,1
"411",38,"F","African-American","25 - 45","Low","Male",2,-1,3,1,1,"2013-05-25 08:47:26","2013-05-28 01:16:45",0,0,0,1
"412",24,"M","African-American","Less than 25","High","Male",0,-1,8,1,1,"2013-01-17 07:29:28","2013-01-19 03:27:48",0,0,0,1
"413",40,"F","African-American","25 - 45","Medium","Female",15,-1,7,1,1,"2014-01-06 11:02:48","2014-03-13 06:17:07",0,0,0,1
"414",26,"M","Other","25 - 45","Medium","Female",4,-1,7,1,1,"2014-07-07 10:28:01","2014-07-09 10:06:53",0,0,0,1
"415",25,"F","African-American","25 - 45","High","Male",7,-1,10,1,1,"2013-05-16 04:11:47","2013-06-05 09:16:19",0,1,0,1
"416",27,"F","African-American","25 - 45","High","Male",12,-1,8,1,1,"2013-12-02 01:10:34","2013-12-03 01:33:52",0,0,0,1
"417",47,"F","African-American","Greater than 45","High","Male",0,-1,8,1,1,"2014-12-29 01:25:41","2014-12-30 07:58:52",0,0,0,1
"418",23,"F","African-American","Less than 25","High","Male",5,-1,9,1,1,"2013-03-06 05:57:50","2013-03-11 05:35:56",0,0,1,1
"419",19,"M","African-American","Less than 25","Low","Female",0,-1,4,1,1,"2014-11-18 01:22:13","2014-11-19 10:10:03",0,0,0,1
"420",32,"F","Caucasian","25 - 45","Low","Male",0,-1,1,1,1,"2014-01-23 06:22:42","2014-01-29 01:56:31",0,0,0,1
"421",39,"M","Caucasian","25 - 45","Low","Female",0,-3,1,1,1,"2013-03-22 04:27:55","2013-03-23 02:26:59",0,0,0,1
"422",24,"F","Hispanic","Less than 25","High","Male",2,0,8,1,0,"2013-02-17 12:51:20","2013-05-20 05:55:11",0,0,0,1
"423",23,"F","African-American","Less than 25","Low","Male",0,-1,2,1,1,"2014-11-27 03:02:28","2014-11-28 01:33:26",0,0,0,1
"424",23,"F","African-American","Less than 25","High","Male",3,-1,9,1,1,"2013-01-16 09:46:14","2013-03-01 09:56:04",0,0,0,1
"425",21,"F","Caucasian","Less than 25","Low","Male",0,-1,3,1,1,"2014-03-25 03:55:09","2014-03-27 03:42:00",0,0,0,1
"426",22,"F","Caucasian","Less than 25","Low","Male",0,-1,4,1,1,"2014-05-15 07:37:39","2014-05-21 08:48:32",0,0,0,1
"427",31,"F","Hispanic","25 - 45","High","Male",0,0,10,1,1,"2013-11-30 05:18:06","2013-11-30 01:05:02",0,0,0,1
"428",30,"F","African-American","25 - 45","Medium","Male",9,-1,7,1,1,"2013-01-12 01:44:17","2013-01-20 02:33:15",0,1,0,1
"429",27,"F","African-American","25 - 45","Low","Female",0,-2,3,1,1,"2013-01-08 07:18:36","2013-01-09 01:34:00",0,0,0,1
"430",43,"M","African-American","25 - 45","Medium","Male",1,-1,5,1,1,"2013-11-11 06:15:16","2013-11-16 12:03:49",0,0,0,1
"431",23,"F","African-American","Less than 25","Medium","Male",1,-1,6,1,1,"2013-12-15 04:22:32","2014-04-14 11:42:17",0,0,0,1
"432",27,"F","African-American","25 - 45","High","Male",3,-1,9,1,1,"2013-01-01 03:16:15","2013-01-10 04:12:28",0,0,0,1
"433",23,"F","African-American","Less than 25","High","Male",4,0,9,1,1,"2013-04-08 12:39:29","2013-10-18 05:35:27",0,1,0,1
"434",32,"M","African-American","25 - 45","Low","Female",0,0,1,1,1,"2014-03-26 12:39:59","2014-03-26 08:10:27",0,0,0,1
"435",33,"M","African-American","25 - 45","High","Male",16,0,9,1,1,"2013-10-05 12:52:57","2013-11-07 12:55:45",0,0,0,1
"436",28,"F","Caucasian","25 - 45","Low","Male",2,3,3,1,1,"2013-01-28 03:35:04","2013-01-30 07:33:30",0,0,0,1
"437",26,"F","African-American","25 - 45","High","Male",6,-1,10,1,1,"2014-12-29 03:29:14","2015-01-02 11:16:53",0,1,0,1
"438",22,"F","Caucasian","Less than 25","High","Male",2,0,9,1,1,"2013-03-01 02:35:25","2013-03-02 09:45:12",0,1,0,1
"439",49,"M","Caucasian","Greater than 45","Medium","Male",4,0,6,1,1,"2013-01-24 02:26:10","2013-02-10 04:25:50",0,0,0,1
"440",55,"M","African-American","Greater than 45","Medium","Male",10,-1,7,1,1,"2014-08-16 02:53:35","2014-08-20 09:38:09",0,0,0,1
"441",54,"F","Caucasian","Greater than 45","Low","Male",2,-29,4,1,1,"2013-01-07 01:25:56","2013-02-05 11:05:26",0,0,0,1
"442",27,"M","African-American","25 - 45","Low","Male",0,-1,2,1,1,"2014-01-15 06:44:59","2014-01-16 08:03:23",0,0,0,1
"443",40,"F","Caucasian","25 - 45","Low","Male",4,-1,3,1,1,"2013-11-11 01:20:20","2013-12-14 05:53:08",0,0,0,1
"444",38,"F","African-American","25 - 45","Low","Male",7,-1,4,1,1,"2013-08-24 08:32:05","2013-08-31 06:13:17",0,0,0,1
"445",26,"F","African-American","25 - 45","High","Male",3,0,10,1,1,"2014-06-24 01:15:54","2014-07-07 08:48:40",0,0,0,1
"446",29,"F","African-American","25 - 45","Low","Male",1,-1,4,1,1,"2013-05-24 04:41:00","2013-05-25 07:37:19",0,0,0,1
"447",33,"M","African-American","25 - 45","Low","Male",6,-1,3,1,1,"2013-01-26 11:35:43","2013-01-28 08:41:00",0,1,0,1
"448",22,"F","Caucasian","Less than 25","Medium","Male",0,0,5,1,0,"2013-02-19 03:51:56","2013-02-20 03:44:09",0,0,0,1
"449",41,"M","African-American","25 - 45","Medium","Male",7,0,7,1,1,"2013-10-31 01:40:09","2013-11-01 09:24:26",0,0,1,1
"450",32,"F","African-American","25 - 45","High","Male",7,-1,8,1,1,"2014-03-03 10:36:05","2014-03-04 09:24:02",0,1,3,1
"451",24,"F","African-American","Less than 25","Low","Male",1,-1,3,1,1,"2014-08-24 05:19:36","2014-08-25 01:11:27",0,0,0,1
"452",25,"M","African-American","25 - 45","High","Male",5,-1,8,1,1,"2013-09-11 10:12:35","2013-09-15 03:38:22",0,0,0,1
"453",24,"F","Caucasian","Less than 25","Low","Male",1,-1,3,1,1,"2013-12-14 08:26:15","2013-12-15 09:06:30",0,0,0,1
"454",28,"M","African-American","25 - 45","Low","Male",1,-1,3,1,1,"2013-12-26 05:11:53","2013-12-27 08:03:01",0,0,0,1
"455",41,"F","African-American","25 - 45","High","Male",24,-1,10,1,1,"2014-06-06 07:27:50","2014-06-07 10:30:56",1,1,0,1
"456",25,"F","Caucasian","25 - 45","High","Male",6,0,8,1,1,"2014-04-06 02:30:39","2014-04-06 07:45:48",0,1,0,1
"457",39,"M","African-American","25 - 45","Low","Male",0,-1,1,1,0,"2013-05-11 03:06:34","2013-05-12 07:30:59",0,0,0,1
"458",26,"F","African-American","25 - 45","High","Male",24,0,10,1,1,"2013-03-01 01:25:58","2013-03-01 08:28:35",0,1,0,1
"459",20,"F","African-American","Less than 25","High","Male",4,14,10,1,1,"2013-12-19 04:03:39","2014-12-30 06:19:19",1,1,1,1
"460",25,"F","African-American","25 - 45","Medium","Male",2,-1,5,1,1,"2013-02-10 03:23:16","2013-02-11 07:27:53",0,0,0,1
"461",57,"M","African-American","Greater than 45","Medium","Male",8,-1,7,1,0,"2013-03-23 07:39:14","2013-03-28 08:55:47",0,0,0,1
"462",40,"F","African-American","25 - 45","High","Male",15,-1,9,1,1,"2013-02-01 05:27:23","2013-04-14 11:31:39",0,0,0,1
"463",21,"F","African-American","Less than 25","High","Male",0,-1,9,1,1,"2013-12-30 07:11:21","2014-01-01 02:59:37",0,0,0,1
"464",20,"M","African-American","Less than 25","High","Male",0,-1,10,1,1,"2014-03-26 09:51:33","2014-04-07 08:56:16",0,0,0,1
"465",22,"F","African-American","Less than 25","High","Male",1,0,9,1,1,"2013-03-23 01:18:11","2013-04-30 07:29:04",0,0,0,1
"466",28,"F","Caucasian","25 - 45","Low","Male",0,-1,2,1,1,"2014-10-25 08:45:48","2014-10-26 08:24:24",0,0,0,1
"467",29,"F","Caucasian","25 - 45","Low","Male",0,-1,2,1,1,"2013-02-25 09:36:50","2013-02-26 12:43:55",0,0,0,1
"468",21,"F","Caucasian","Less than 25","High","Male",0,-1,8,1,1,"2013-04-09 07:15:24","2013-04-10 08:13:56",0,0,1,1
"469",26,"M","African-American","25 - 45","Low","Male",3,0,4,1,1,"2014-04-09 03:30:16","2014-04-10 08:41:45",0,0,0,1
"470",21,"F","African-American","Less than 25","High","Male",0,-1,8,1,1,"2013-12-18 01:10:47","2014-01-21 11:37:54",0,0,0,1
"471",49,"M","Caucasian","Greater than 45","High","Male",4,-8,8,1,0,"2013-02-11 01:58:24","2013-02-15 08:53:04",0,0,0,1
"472",20,"F","African-American","Less than 25","Medium","Male",0,-1,7,1,1,"2014-11-08 01:54:07","2014-11-09 06:36:07",0,0,0,1
"473",26,"F","African-American","25 - 45","Low","Male",1,-1,1,1,1,"2014-10-04 09:26:00","2014-10-05 01:23:01",0,0,0,1
"474",49,"M","African-American","Greater than 45","Low","Male",1,0,1,1,1,"2013-04-24 03:51:08","2013-04-24 08:20:44",0,0,0,1
"475",36,"M","Caucasian","25 - 45","Medium","Male",11,-1,6,1,1,"2013-05-05 06:23:11","2013-05-07 10:47:02",0,0,0,1
"476",41,"F","Caucasian","25 - 45","Low","Male",1,-1,4,1,1,"2014-07-13 05:33:05","2014-09-09 05:24:12",0,0,0,1
"477",24,"M","African-American","Less than 25","Medium","Male",0,-1,5,1,1,"2013-02-09 08:28:39","2013-02-10 07:52:20",0,0,0,1
"478",28,"F","African-American","25 - 45","High","Male",8,-1,8,1,1,"2013-01-16 09:27:53","2013-01-19 09:22:26",0,0,0,1
"479",20,"F","African-American","Less than 25","Medium","Male",2,-1,7,1,1,"2014-09-16 03:26:15","2014-09-26 09:55:44",0,0,1,1
"480",34,"F","African-American","25 - 45","High","Male",11,0,8,1,1,"2013-04-22 11:11:43","2013-04-23 07:29:12",0,0,4,1
"481",28,"F","African-American","25 - 45","High","Male",6,0,10,1,1,"2013-05-25 04:58:09","2013-08-14 04:16:37",0,0,0,1
"482",55,"M","African-American","Greater than 45","Low","Male",0,-1,1,1,1,"2013-02-22 10:17:18","2013-02-23 09:04:28",0,0,0,1
"483",25,"M","Caucasian","25 - 45","Low","Male",2,0,4,1,1,"2014-09-19 06:29:55","2014-09-19 08:58:12",0,0,0,1
"484",30,"F","African-American","25 - 45","High","Male",2,-1,8,1,1,"2014-03-20 05:32:13","2014-03-21 03:29:29",0,0,0,1
"485",34,"F","Caucasian","25 - 45","High","Male",13,-1,8,1,1,"2013-01-06 12:31:49","2013-01-25 08:59:14",0,0,0,1
"486",27,"M","African-American","25 - 45","High","Male",27,0,10,1,1,"2013-02-27 05:59:45","2013-02-27 07:50:16",0,5,1,1
"487",30,"M","African-American","25 - 45","Low","Male",4,-1,2,1,1,"2014-09-04 07:57:39","2014-09-05 09:06:40",0,0,0,1
"488",40,"M","African-American","25 - 45","Low","Male",11,-1,3,1,1,"2013-10-21 04:00:29","2013-10-21 08:15:51",0,0,0,1
"489",25,"F","Hispanic","25 - 45","Medium","Male",3,-1,6,1,1,"2013-02-09 11:26:36","2013-02-10 07:48:25",0,0,0,1
"490",29,"F","Other","25 - 45","Medium","Male",8,-1,6,1,1,"2014-08-28 09:55:48","2014-08-29 08:18:56",0,0,0,1
"491",23,"F","African-American","Less than 25","Medium","Female",2,-2,5,1,1,"2013-09-03 04:05:37","2013-09-04 08:26:49",0,0,0,1
"492",19,"F","African-American","Less than 25","Low","Male",1,-1,4,1,1,"2014-11-01 11:47:12","2014-11-05 10:52:42",0,0,0,1
"493",68,"F","Caucasian","Greater than 45","Medium","Male",7,-1,7,1,1,"2013-02-05 05:11:31","2013-02-10 10:00:25",0,0,0,1
"494",37,"M","Caucasian","25 - 45","Medium","Male",4,-18,5,1,1,"2014-06-20 08:59:53","2014-06-21 07:10:18",0,0,0,1
"495",37,"M","African-American","25 - 45","Low","Male",0,-1,1,1,1,"2013-03-25 07:15:23","2013-03-26 07:49:33",0,0,0,1
"496",29,"F","Caucasian","25 - 45","High","Male",10,-1,9,1,1,"2013-01-14 09:30:03","2013-01-17 03:17:08",4,1,0,1
"497",41,"F","African-American","25 - 45","Low","Male",6,-1,3,1,1,"2013-10-18 12:47:10","2013-10-20 02:14:19",2,0,0,1
"498",31,"F","African-American","25 - 45","High","Male",13,-1,9,1,1,"2014-10-22 08:58:25","2014-10-24 04:21:11",1,1,1,1
"499",20,"F","Caucasian","Less than 25","High","Female",0,0,10,1,1,"2014-11-26 01:14:13","2014-11-26 08:37:39",0,0,0,1
"500",44,"M","African-American","25 - 45","High","Male",8,-1,8,1,1,"2014-05-08 12:27:25","2014-05-18 04:40:00",0,0,0,1
"501",31,"M","African-American","25 - 45","High","Male",5,-1,9,1,1,"2013-10-14 09:06:13","2013-10-15 07:40:33",0,1,0,1
"502",23,"F","Caucasian","Less than 25","High","Male",6,0,9,1,1,"2013-01-28 05:06:16","2013-02-03 02:50:43",0,0,0,1
"503",20,"F","African-American","Less than 25","Medium","Male",0,0,7,1,1,"2013-08-10 12:20:57","2013-08-11 02:13:50",0,0,0,1
"504",29,"F","African-American","25 - 45","Medium","Male",5,-1,5,1,1,"2014-05-30 07:12:58","2014-06-02 12:45:34",0,0,0,1
"505",21,"F","African-American","Less than 25","High","Male",3,-3,9,1,1,"2013-03-05 08:54:54","2013-03-06 11:00:34",0,2,1,1
"506",27,"F","African-American","25 - 45","High","Male",5,-1,9,1,1,"2013-10-11 11:05:38","2013-10-12 01:31:00",0,0,1,1
"507",24,"M","African-American","Less than 25","Medium","Male",0,-1,5,1,1,"2013-11-13 08:08:42","2013-11-14 08:11:27",0,0,0,1
"508",64,"M","African-American","Greater than 45","Low","Male",8,-4,4,1,1,"2014-10-24 07:26:34","2014-10-25 06:30:06",0,0,0,1
"509",31,"M","Caucasian","25 - 45","Low","Male",3,-1,2,1,1,"2014-05-15 08:47:49","2014-05-17 03:47:54",0,0,0,1
"510",26,"F","African-American","25 - 45","Medium","Female",6,-1,6,1,1,"2013-12-29 04:37:10","2014-01-01 07:59:30",0,0,0,1
"511",28,"M","Caucasian","25 - 45","Medium","Male",5,-1,7,1,1,"2013-05-11 06:12:53","2013-06-06 09:39:09",0,0,0,1
"512",26,"F","African-American","25 - 45","Medium","Male",6,-1,7,1,1,"2013-01-08 02:38:01","2013-01-10 03:49:51",0,0,0,1
"513",37,"F","Hispanic","25 - 45","Medium","Male",6,-24,5,1,1,"2013-01-15 12:37:37","2013-02-08 11:34:26",0,0,0,1
"514",53,"F","African-American","Greater than 45","Medium","Male",3,-1,6,1,1,"2013-04-13 10:46:45","2013-04-19 08:34:22",0,0,0,1
"515",21,"F","Hispanic","Less than 25","High","Male",1,-1,8,1,1,"2013-09-21 09:01:29","2013-11-15 09:37:13",1,0,0,1
"516",26,"F","African-American","25 - 45","High","Male",10,-1,9,1,1,"2014-06-25 06:52:09","2014-06-26 09:02:39",1,0,0,1
"517",21,"M","Caucasian","Less than 25","Medium","Female",3,-1,7,1,1,"2013-05-15 08:46:36","2013-05-16 08:50:20",0,3,1,1
"518",43,"M","African-American","25 - 45","High","Male",15,-1,9,1,1,"2013-05-17 09:20:47","2013-05-18 07:39:32",0,0,0,1
"519",26,"M","Caucasian","25 - 45","High","Male",10,0,8,1,1,"2014-10-04 06:08:11","2014-10-05 02:46:08",0,0,3,1
"520",25,"F","African-American","25 - 45","High","Male",4,-1,9,1,1,"2014-02-26 05:42:51","2014-08-15 03:57:35",0,0,1,1
"521",19,"F","African-American","Less than 25","Low","Male",0,-1,4,1,1,"2014-09-22 08:28:34","2014-09-23 02:17:43",0,0,0,1
"522",28,"F","Caucasian","25 - 45","Low","Male",0,-1,3,1,1,"2014-11-13 11:57:15","2014-11-14 01:49:54",0,0,0,1
"523",34,"F","African-American","25 - 45","High","Male",0,-1,8,1,1,"2014-09-26 02:13:08","2014-10-29 10:16:27",0,0,0,1
"524",30,"F","Other","25 - 45","High","Male",13,-1,9,1,1,"2013-08-06 03:52:47","2013-08-07 08:20:36",0,0,0,1
"525",22,"F","African-American","Less than 25","Medium","Male",0,-1,7,1,1,"2013-01-17 01:22:02","2013-03-08 04:39:17",0,0,0,1
"526",23,"M","African-American","Less than 25","Low","Male",0,-1,3,1,1,"2014-05-21 02:29:44","2014-05-22 01:55:58",0,0,0,1
"527",29,"F","African-American","25 - 45","Medium","Male",6,-1,6,1,1,"2014-04-23 02:44:54","2014-04-24 03:44:57",0,0,0,1
"528",29,"M","Caucasian","25 - 45","Low","Male",0,-1,1,1,1,"2014-01-26 06:15:41","2014-01-27 01:32:18",0,0,0,1
"529",30,"F","African-American","25 - 45","High","Male",13,-1,10,1,1,"2014-06-15 06:51:59","2015-10-03 06:50:34",0,0,0,1
"530",24,"F","Caucasian","Less than 25","Medium","Male",5,-22,5,1,1,"2013-11-19 12:51:43","2013-11-25 10:05:19",0,0,1,1
"531",35,"M","African-American","25 - 45","Medium","Male",1,-1,6,1,0,"2013-04-02 05:26:56","2013-06-05 09:30:05",0,0,0,1
"532",26,"F","African-American","25 - 45","High","Male",1,-30,8,1,1,"2014-07-30 01:18:15","2014-08-03 10:39:29",0,0,0,1
"533",31,"F","African-American","25 - 45","High","Male",9,0,8,1,1,"2013-08-15 04:24:41","2013-08-16 03:24:28",0,0,0,1
"534",55,"F","Caucasian","Greater than 45","Low","Male",1,-1,1,1,1,"2013-11-07 06:14:28","2013-11-08 09:33:29",0,0,0,1
"535",21,"F","Hispanic","Less than 25","Medium","Male",2,-1,5,1,1,"2013-12-30 09:08:22","2013-12-31 10:47:09",0,0,1,1
"536",43,"F","African-American","25 - 45","Low","Male",4,-26,1,1,1,"2013-12-21 12:37:51","2014-01-16 10:14:43",0,0,0,1
"537",22,"F","African-American","Less than 25","High","Female",4,0,9,1,1,"2013-09-15 03:07:01","2013-09-17 03:55:23",0,0,0,1
"538",20,"M","African-American","Less than 25","Medium","Female",0,-1,7,1,1,"2014-01-01 07:41:04","2014-01-02 08:43:28",0,0,1,1
"539",39,"F","Caucasian","25 - 45","Low","Male",0,-1,1,1,1,"2014-10-27 09:19:54","2014-10-30 04:23:55",0,0,0,1
"540",30,"M","African-American","25 - 45","High","Male",8,-1,9,1,1,"2013-01-22 06:49:44","2013-01-23 01:35:06",6,0,0,1
"541",21,"F","African-American","Less than 25","High","Male",8,30,9,1,1,"2014-10-29 07:19:44","2015-06-30 07:07:00",0,2,6,1
"542",47,"M","Caucasian","Greater than 45","Low","Male",13,0,4,1,1,"2013-04-14 03:00:30","2013-06-19 06:52:42",0,0,0,1
"543",32,"M","Caucasian","25 - 45","Low","Male",4,0,2,1,1,"2014-04-17 03:02:35","2014-04-18 04:10:58",0,0,0,1
"544",40,"M","African-American","25 - 45","Medium","Male",23,30,6,1,1,"2013-10-12 10:22:16","2013-11-13 08:08:17",2,0,0,1
"545",33,"F","Caucasian","25 - 45","Medium","Female",3,-2,6,1,1,"2013-05-16 09:22:15","2013-05-18 06:56:41",0,0,0,1
"546",25,"F","African-American","25 - 45","Low","Male",0,0,2,1,1,"2014-03-22 02:24:16","2014-06-20 08:29:13",0,0,0,1
"547",27,"M","African-American","25 - 45","Low","Female",0,-1,3,1,0,"2013-05-02 09:32:44","2013-05-03 12:53:32",0,0,0,1
"548",40,"M","African-American","25 - 45","Low","Male",2,-1,3,1,0,"2013-09-26 05:51:39","2013-09-27 01:50:53",0,0,0,1
"549",24,"M","African-American","Less than 25","High","Male",2,-1,9,1,1,"2014-09-21 03:02:31","2014-10-15 08:42:14",0,0,2,1
"550",24,"F","African-American","Less than 25","High","Male",10,0,10,1,1,"2013-05-25 02:03:09","2013-05-25 07:33:04",5,1,0,1
"551",33,"M","African-American","25 - 45","Medium","Male",9,-28,7,1,1,"2014-10-27 12:30:23","2014-11-11 02:19:27",0,0,2,1
"552",31,"F","Hispanic","25 - 45","Medium","Male",19,-1,7,1,1,"2013-09-23 07:54:43","2013-09-24 07:47:19",0,1,0,1
"553",29,"F","African-American","25 - 45","Low","Female",0,-1,4,1,1,"2014-07-19 05:05:54","2014-07-20 08:08:01",0,0,0,1
"554",40,"F","African-American","25 - 45","High","Male",0,0,10,1,1,"2013-01-07 02:33:54","2013-01-11 09:36:33",0,0,0,1
"555",22,"M","African-American","Less than 25","High","Male",2,-1,9,1,1,"2014-02-13 12:25:47","2014-04-09 05:37:42",0,0,0,1
"556",20,"F","African-American","Less than 25","Low","Male",2,-17,3,1,1,"2014-10-19 08:57:11","2014-11-04 09:23:44",0,0,0,1
"557",27,"F","African-American","25 - 45","Low","Male",1,-1,4,1,1,"2014-08-25 10:18:43","2014-08-26 08:44:24",0,0,0,1
"558",33,"F","Other","25 - 45","High","Male",7,-1,8,1,1,"2013-12-16 02:37:00","2014-04-11 03:13:00",0,1,0,1
"559",20,"F","Native American","Less than 25","High","Male",1,-5,9,1,1,"2014-06-26 10:46:59","2014-07-01 11:20:41",0,1,0,1
"560",22,"F","African-American","Less than 25","High","Male",2,-1,8,1,0,"2013-04-29 04:28:02","2013-04-30 07:17:44",0,0,0,1
"561",21,"F","African-American","Less than 25","High","Male",0,-1,10,1,1,"2013-03-14 07:22:45","2013-03-21 07:20:07",0,0,3,1
"562",32,"F","Caucasian","25 - 45","Medium","Male",5,-1,5,1,1,"2013-02-21 03:26:24","2013-02-22 01:32:44",0,0,0,1
"563",25,"M","African-American","25 - 45","Medium","Male",6,-1,7,1,1,"2014-09-30 08:47:42","2014-10-02 08:08:10",0,0,1,1
"564",37,"M","African-American","25 - 45","Medium","Male",4,-1,7,1,1,"2014-10-31 09:52:44","2015-01-14 12:38:16",0,0,0,1
"565",59,"M","Caucasian","Greater than 45","Low","Male",2,-15,1,1,1,"2014-10-29 09:37:56","2014-10-30 08:26:47",0,0,0,1
"566",20,"M","African-American","Less than 25","Low","Male",1,-1,4,1,1,"2013-11-07 01:46:22","2013-11-08 08:59:23",0,0,0,1
"567",51,"M","Caucasian","Greater than 45","Low","Male",1,-1,2,1,1,"2013-08-08 04:57:26","2013-08-10 04:22:50",0,0,0,1
"568",28,"F","African-American","25 - 45","Low","Male",0,0,3,1,1,"2014-02-17 01:46:34","2014-03-04 05:23:42",0,0,0,1
"569",25,"F","Other","25 - 45","High","Male",0,-1,9,1,1,"2013-05-02 05:54:12","2013-05-03 11:02:07",0,0,0,1
"570",21,"F","Caucasian","Less than 25","High","Male",2,-3,9,1,1,"2013-10-18 01:25:21","2013-10-18 08:21:29",0,2,7,1
"571",35,"F","African-American","25 - 45","High","Male",22,0,10,1,1,"2013-01-22 04:07:47","2013-01-24 05:56:12",0,0,0,1
"572",50,"F","Caucasian","Greater than 45","Low","Male",2,-1,2,1,1,"2013-01-08 03:16:14","2013-01-17 05:32:25",0,0,0,1
"573",56,"F","Caucasian","Greater than 45","Low","Male",1,-1,1,1,0,"2013-01-17 10:28:39","2013-01-18 08:29:47",0,0,0,1
"574",26,"F","Caucasian","25 - 45","Medium","Male",0,-1,6,1,1,"2014-11-06 06:10:20","2014-11-07 08:40:38",0,0,0,1
"575",26,"F","African-American","25 - 45","Medium","Male",3,-1,7,1,1,"2013-09-28 06:05:10","2013-11-14 08:19:34",0,0,0,1
"576",38,"F","Other","25 - 45","Low","Male",1,-1,1,1,1,"2014-05-16 05:12:16","2014-05-17 09:27:02",0,0,0,1
"577",23,"M","Caucasian","Less than 25","High","Male",4,-1,9,1,1,"2013-09-22 01:06:45","2013-09-24 04:25:18",0,1,0,1
"578",34,"M","African-American","25 - 45","Low","Female",0,-1,1,1,1,"2014-02-28 07:07:16","2014-03-01 09:05:07",0,0,0,1
"579",31,"F","Caucasian","25 - 45","Low","Male",1,-1,3,1,1,"2014-07-03 10:01:59","2014-08-08 10:32:16",0,0,0,1
"580",25,"F","Caucasian","25 - 45","High","Female",2,16,9,1,1,"2014-01-31 12:17:38","2014-02-01 09:34:23",0,0,0,1
"581",53,"M","Caucasian","Greater than 45","Medium","Male",1,-1,5,1,0,"2013-01-21 11:09:46","2013-01-22 08:54:01",0,0,0,1
"582",27,"F","Caucasian","25 - 45","Medium","Female",1,-1,5,1,1,"2014-09-28 11:52:36","2014-10-24 01:15:25",0,0,0,1
"583",37,"F","African-American","25 - 45","High","Male",16,-1,8,1,1,"2014-06-17 01:17:25","2014-06-19 03:41:00",0,0,0,1
"584",20,"F","African-American","Less than 25","Medium","Male",0,-1,5,1,1,"2014-01-30 01:49:49","2014-01-31 01:46:52",0,0,0,1
"585",21,"F","Hispanic","Less than 25","Medium","Male",2,-1,7,1,1,"2014-10-12 11:11:46","2014-10-15 01:25:15",0,1,0,1
"586",27,"F","African-American","25 - 45","Medium","Male",9,-1,7,1,1,"2014-09-18 08:58:45","2014-09-19 01:56:48",0,0,0,1
"587",35,"F","African-American","25 - 45","High","Male",6,0,8,1,1,"2013-03-29 10:59:47","2013-03-30 08:37:52",0,0,0,1
"588",21,"F","African-American","Less than 25","Medium","Male",2,-1,5,1,1,"2014-08-21 08:49:51","2014-08-29 11:56:42",0,1,0,1
"589",52,"F","African-American","Greater than 45","High","Male",16,-1,8,1,1,"2013-08-29 11:56:07","2013-08-30 08:01:33",0,0,0,1
"590",38,"F","Caucasian","25 - 45","Low","Male",10,0,4,1,1,"2013-03-18 03:51:57","2013-03-18 02:08:29",1,0,0,1
"591",18,"F","African-American","Less than 25","Medium","Male",4,7,5,1,1,"2014-08-06 11:52:54","2014-08-30 02:57:59",5,0,2,1
"592",32,"M","Hispanic","25 - 45","Medium","Female",8,-8,5,1,1,"2013-12-10 07:35:56","2013-12-17 07:46:09",0,0,1,1
"593",37,"F","Other","25 - 45","Low","Male",2,-1,4,1,1,"2013-12-09 01:26:29","2014-01-29 03:40:53",0,0,0,1
"594",28,"M","African-American","25 - 45","High","Female",9,-12,9,1,1,"2013-07-25 10:07:15","2013-08-06 10:33:38",0,0,0,1
"595",23,"F","African-American","Less than 25","Medium","Male",5,-1,7,1,1,"2014-03-01 09:22:26","2014-03-03 02:30:42",0,0,1,1
"596",28,"F","African-American","25 - 45","Low","Female",0,-1,3,1,1,"2013-03-17 06:10:24","2013-03-19 11:32:14",0,0,0,1
"597",27,"F","African-American","25 - 45","Medium","Male",8,-1,5,1,1,"2014-07-19 11:52:29","2014-08-14 05:28:51",0,0,0,1
"598",28,"F","African-American","25 - 45","Medium","Male",11,-1,6,1,1,"2013-02-06 02:17:29","2013-02-08 07:30:37",0,0,0,1
"599",29,"F","African-American","25 - 45","Low","Male",3,0,4,1,1,"2013-02-20 01:28:43","2013-02-20 01:32:44",0,0,0,1
"600",28,"M","African-American","25 - 45","Low","Male",4,-1,3,1,1,"2013-11-07 07:17:15","2013-12-11 09:33:15",0,0,0,1
"601",54,"M","Other","Greater than 45","Low","Male",2,-1,2,1,1,"2013-09-07 05:25:52","2013-09-08 06:43:55",0,0,0,1
"602",57,"F","Other","Greater than 45","Low","Male",0,-1,1,1,0,"2013-09-10 09:26:23","2013-09-11 01:40:45",0,0,0,1
"603",26,"F","African-American","25 - 45","Medium","Male",2,-1,5,1,1,"2013-08-20 08:29:26","2013-09-11 05:35:26",0,0,0,1
"604",29,"M","Hispanic","25 - 45","Low","Male",0,0,2,1,1,"2014-10-01 04:15:08","2014-10-04 09:16:33",0,0,0,1
"605",25,"M","Caucasian","25 - 45","Low","Male",1,0,4,1,1,"2014-09-22 03:22:32","2014-09-25 04:34:12",0,0,0,1
"606",48,"F","African-American","Greater than 45","Medium","Female",0,-1,6,1,1,"2014-06-22 10:10:01","2014-07-02 03:07:22",0,0,0,1
"607",77,"M","African-American","Greater than 45","Low","Male",1,-1,1,1,1,"2014-03-31 05:06:08","2014-04-02 12:46:17",0,0,0,1
"608",52,"M","African-American","Greater than 45","Medium","Male",0,-1,6,1,1,"2014-11-27 09:00:13","2014-12-01 10:10:14",0,0,0,1
"609",27,"F","African-American","25 - 45","High","Male",5,-28,10,1,1,"2014-05-27 08:49:05","2014-06-24 11:02:54",0,0,0,1
"610",34,"F","Caucasian","25 - 45","High","Female",10,22,9,1,1,"2014-09-18 11:18:42","2014-10-02 09:03:17",0,0,0,1
"611",32,"M","African-American","25 - 45","Low","Female",0,0,1,1,1,"2014-12-17 01:46:31","2014-12-17 08:04:44",0,0,0,1
"612",52,"F","African-American","Greater than 45","High","Male",7,-1,9,1,1,"2013-04-23 04:49:37","2013-08-19 02:59:15",0,0,0,1
"613",21,"F","African-American","Less than 25","High","Male",2,0,10,1,1,"2013-09-13 06:24:14","2013-09-14 04:42:09",0,0,0,1
"614",50,"M","Caucasian","Greater than 45","Low","Female",0,-3,3,1,1,"2013-08-09 01:00:46","2013-08-09 06:29:32",0,0,0,1
"615",27,"F","African-American","25 - 45","Medium","Male",4,-1,5,1,1,"2014-10-26 10:19:20","2014-10-28 04:09:18",1,0,0,1
"616",24,"F","African-American","Less than 25","High","Male",15,-1,10,1,1,"2013-04-17 07:43:21","2013-04-19 09:18:18",0,5,1,1
"617",54,"M","African-American","Greater than 45","Medium","Male",12,0,5,1,1,"2014-06-30 04:03:25","2014-10-26 04:37:21",0,0,0,1
"618",27,"F","African-American","25 - 45","Medium","Female",2,-1,6,1,1,"2013-01-14 07:34:35","2013-01-18 08:28:33",0,0,0,1
"619",20,"F","African-American","Less than 25","High","Male",0,0,10,1,1,"2014-11-22 04:56:51","2014-11-22 08:49:03",0,0,1,1
"620",20,"M","African-American","Less than 25","Low","Male",0,-1,4,1,0,"2013-10-01 05:18:33","2013-10-02 07:35:45",0,0,0,1
"621",20,"M","Caucasian","Less than 25","High","Male",0,-1,10,1,1,"2013-09-13 10:01:25","2013-09-14 06:55:45",0,0,0,1
"622",29,"F","African-American","25 - 45","Medium","Male",9,0,7,1,1,"2013-02-22 12:02:01","2013-02-27 06:08:00",0,0,0,1
"623",31,"M","African-American","25 - 45","Medium","Male",6,27,6,1,1,"2014-07-22 09:26:47","2014-09-09 05:03:17",0,1,0,1
"624",35,"F","African-American","25 - 45","Medium","Female",7,-1,6,1,1,"2013-02-05 09:43:24","2013-02-07 09:37:23",0,0,0,1
"625",26,"M","African-American","25 - 45","Low","Male",9,-1,4,1,1,"2013-01-28 06:59:53","2013-01-30 04:16:27",0,0,0,1
"626",25,"F","African-American","25 - 45","Medium","Male",6,0,7,1,1,"2013-08-29 05:19:21","2013-08-29 08:03:30",0,0,0,1
"627",25,"F","Caucasian","25 - 45","High","Male",5,-1,10,1,1,"2014-03-08 07:11:38","2014-04-12 08:35:12",0,0,0,1
"628",28,"F","African-American","25 - 45","Medium","Male",5,-1,5,1,1,"2013-10-11 10:21:51","2014-03-31 09:15:58",1,0,0,1
"629",50,"F","Hispanic","Greater than 45","Low","Male",5,-1,1,1,1,"2014-07-19 05:07:48","2014-07-23 03:00:15",0,0,0,1
"630",56,"M","Caucasian","Greater than 45","Medium","Male",5,-1,7,1,0,"2013-05-10 10:14:08","2013-05-11 06:45:31",0,0,0,1
"631",41,"F","African-American","25 - 45","Medium","Male",12,0,6,1,1,"2014-07-03 03:36:03","2014-07-03 08:55:01",0,0,3,1
"632",29,"F","African-American","25 - 45","High","Male",8,-1,10,1,1,"2014-03-12 04:15:38","2014-03-19 02:55:41",1,0,0,1
"633",23,"F","African-American","Less than 25","High","Male",5,24,8,1,1,"2013-09-23 03:15:15","2013-09-24 04:26:21",1,0,0,1
"634",35,"F","Hispanic","25 - 45","Low","Male",0,-1,2,1,1,"2013-03-22 07:50:40","2013-06-17 10:48:31",0,0,0,1
"635",25,"M","African-American","25 - 45","High","Female",1,-1,8,1,1,"2014-07-28 01:24:31","2014-07-29 02:03:29",0,0,0,1
"636",54,"F","Caucasian","Greater than 45","Low","Male",3,-1,3,1,1,"2014-08-11 06:33:16","2014-08-20 05:15:20",0,0,0,1
"637",29,"M","Hispanic","25 - 45","Low","Female",0,-2,2,1,1,"2013-08-18 03:04:45","2013-08-19 06:39:02",0,0,0,1
"638",35,"M","African-American","25 - 45","High","Male",0,-1,8,1,1,"2013-02-07 11:05:34","2013-02-09 04:44:20",0,0,0,1
"639",36,"F","Caucasian","25 - 45","High","Male",0,-1,8,1,1,"2014-11-22 01:25:52","2014-12-29 07:37:30",0,0,0,1
"640",30,"M","African-American","25 - 45","Medium","Male",3,-1,5,1,1,"2013-01-06 07:35:14","2013-01-08 05:21:10",0,0,0,1
"641",29,"M","African-American","25 - 45","High","Male",3,-1,8,1,1,"2013-12-06 03:58:46","2014-02-04 09:32:08",1,0,0,1
"642",31,"M","African-American","25 - 45","High","Male",9,-1,8,1,1,"2013-12-28 02:25:38","2014-01-24 03:19:10",0,0,0,1
"643",28,"F","African-American","25 - 45","Low","Male",1,0,1,1,1,"2014-03-01 02:22:04","2014-03-01 10:22:26",0,0,0,1
"644",28,"F","Hispanic","25 - 45","High","Male",3,-1,8,1,1,"2013-12-27 05:37:54","2014-06-10 10:33:46",0,0,0,1
"645",25,"M","African-American","25 - 45","Medium","Male",2,0,6,1,0,"2013-04-27 10:39:31","2013-04-30 07:29:55",0,0,0,1
"646",32,"F","African-American","25 - 45","Medium","Male",4,-1,6,1,1,"2013-04-03 01:08:33","2013-04-04 01:15:44",0,0,0,1
"647",24,"F","African-American","Less than 25","Medium","Female",1,26,6,1,1,"2013-11-04 03:09:22","2013-11-05 01:19:17",0,0,0,1
"648",45,"F","African-American","Greater than 45","High","Male",38,-1,8,1,1,"2014-07-05 06:23:46","2014-11-03 09:34:22",0,0,0,1
"649",32,"M","Hispanic","25 - 45","Medium","Male",6,-1,5,1,1,"2014-07-27 06:39:32","2014-08-05 07:52:03",0,0,0,1
"650",27,"M","Other","25 - 45","Low","Male",2,-1,2,1,1,"2013-09-22 07:46:53","2013-09-24 04:26:01",0,0,0,1
"651",27,"M","Caucasian","25 - 45","Low","Male",2,0,4,1,1,"2013-12-07 03:16:27","2013-12-08 08:18:55",0,0,1,1
"652",30,"F","African-American","25 - 45","Medium","Male",8,-1,6,1,0,"2013-03-26 11:22:35","2013-03-27 07:44:38",2,0,0,1
"653",37,"M","Other","25 - 45","Low","Male",0,-1,1,1,0,"2013-11-01 10:55:24","2013-11-02 01:52:41",0,0,0,1
"654",23,"M","African-American","Less than 25","Medium","Male",3,-1,7,1,1,"2013-03-06 08:25:02","2013-03-15 10:13:53",0,2,1,1
"655",42,"F","Hispanic","25 - 45","Low","Male",1,0,1,1,1,"2013-03-10 12:20:11","2013-05-01 07:11:16",0,0,0,1
"656",27,"F","African-American","25 - 45","Medium","Male",17,0,7,1,1,"2013-03-20 06:06:03","2013-03-21 09:33:58",0,2,0,1
"657",29,"M","African-American","25 - 45","High","Male",8,0,9,1,1,"2013-05-16 02:40:09","2013-05-17 08:22:55",0,0,0,1
"658",36,"M","African-American","25 - 45","High","Male",2,-1,9,1,1,"2014-08-24 05:47:08","2014-10-09 09:10:14",0,0,0,1
"659",24,"F","African-American","Less than 25","Low","Female",0,-1,4,1,1,"2014-03-17 08:29:05","2014-03-18 07:50:54",0,0,0,1
"660",29,"F","Other","25 - 45","Low","Male",4,-1,2,1,1,"2013-05-03 05:09:54","2013-05-06 08:52:35",0,0,0,1
"661",39,"F","African-American","25 - 45","Low","Male",3,-1,4,1,1,"2013-05-16 07:50:50","2013-06-19 12:42:02",0,0,0,1
"662",37,"M","African-American","25 - 45","Low","Male",4,-1,4,1,1,"2014-02-18 02:47:15","2014-02-19 07:33:00",0,0,0,1
"663",31,"M","Caucasian","25 - 45","Low","Female",1,-1,1,1,1,"2014-11-21 07:23:57","2014-11-22 12:08:42",0,0,0,1
"664",41,"F","Caucasian","25 - 45","Low","Male",1,-1,1,1,1,"2014-05-07 08:18:13","2014-05-08 09:01:25",0,0,0,1
"665",29,"F","African-American","25 - 45","Medium","Male",1,-1,5,1,1,"2013-12-18 02:09:10","2013-12-21 04:37:06",0,0,0,1
"666",22,"M","African-American","Less than 25","High","Male",0,-1,10,1,1,"2014-06-06 05:49:14","2014-06-07 07:49:48",0,0,0,1
"667",40,"F","Caucasian","25 - 45","Low","Female",3,-1,1,1,1,"2013-03-18 09:29:31","2013-03-19 01:52:29",0,0,0,1
"668",43,"M","Caucasian","25 - 45","Low","Male",6,-1,2,1,1,"2014-10-08 11:28:22","2014-10-09 02:37:24",0,0,0,1
"669",27,"F","Hispanic","25 - 45","Low","Male",4,-1,2,1,1,"2014-10-05 02:11:54","2014-10-08 05:53:44",0,0,0,1
"670",23,"M","Hispanic","Less than 25","Low","Male",0,-1,2,1,1,"2014-03-03 03:40:05","2014-03-04 09:05:25",0,0,0,1
"671",57,"F","African-American","Greater than 45","High","Male",28,0,10,1,1,"2014-04-10 01:28:12","2014-04-12 05:32:50",0,0,0,1
"672",22,"M","African-American","Less than 25","Medium","Male",1,-1,6,1,1,"2014-03-25 06:56:44","2014-03-26 01:24:02",0,0,0,1
"673",35,"F","African-American","25 - 45","Medium","Female",5,-1,7,1,1,"2013-12-15 08:46:54","2013-12-22 09:08:39",0,0,1,1
"674",33,"F","African-American","25 - 45","Low","Male",0,0,1,1,1,"2014-10-16 01:24:44","2014-10-16 08:03:13",0,0,0,1
"675",23,"F","African-American","Less than 25","High","Male",1,-1,10,1,1,"2013-02-22 03:33:10","2013-02-24 02:27:32",0,0,0,1
"676",24,"M","African-American","Less than 25","Medium","Male",0,-1,6,1,1,"2014-06-13 01:32:16","2014-07-03 10:09:04",0,0,0,1
"677",47,"F","African-American","Greater than 45","Low","Male",7,-1,1,1,1,"2013-04-08 07:37:52","2013-06-04 07:39:04",0,0,0,1
"678",38,"M","Caucasian","25 - 45","Low","Male",1,-1,1,1,1,"2014-06-12 07:29:49","2014-06-13 01:45:37",0,0,0,1
"679",22,"F","African-American","Less than 25","Low","Male",8,-1,4,1,1,"2014-12-30 02:15:57","2015-02-07 09:14:51",0,1,0,1
"680",20,"F","Asian","Less than 25","High","Male",2,-1,10,1,1,"2014-07-08 01:20:50","2014-08-29 04:10:30",0,1,0,1
"681",27,"M","Caucasian","25 - 45","High","Female",0,0,8,1,1,"2013-12-05 03:52:06","2013-12-05 08:05:45",0,0,0,1
"682",38,"M","African-American","25 - 45","High","Male",16,28,9,1,1,"2013-11-01 05:17:12","2013-12-04 09:22:13",2,3,0,1
"683",29,"F","African-American","25 - 45","Low","Male",2,-1,2,1,1,"2014-01-07 08:32:58","2014-01-08 12:24:55",0,0,0,1
"684",47,"F","African-American","Greater than 45","High","Male",4,-1,10,1,1,"2013-05-07 04:24:58","2013-07-10 11:23:00",0,0,0,1
"685",26,"F","Asian","25 - 45","Low","Male",2,-1,3,1,1,"2013-01-29 12:36:15","2013-08-17 05:08:15",0,0,0,1
"686",26,"F","African-American","25 - 45","High","Female",4,-1,8,1,1,"2014-05-22 04:00:39","2014-05-23 01:52:25",0,0,0,1
"687",25,"M","Caucasian","25 - 45","High","Male",5,-1,8,1,0,"2013-04-14 07:01:35","2013-04-24 07:08:21",4,0,0,1
"688",21,"F","African-American","Less than 25","Medium","Male",0,0,7,1,1,"2013-05-13 02:38:51","2013-05-13 07:19:19",0,0,0,1
"689",44,"F","African-American","25 - 45","Medium","Male",11,-1,5,1,1,"2014-12-23 05:13:16","2014-12-24 09:02:38",0,0,1,1
"690",28,"M","Caucasian","25 - 45","Low","Male",0,-1,4,1,1,"2013-03-29 04:43:06","2013-03-30 08:21:07",0,0,0,1
"691",24,"M","African-American","Less than 25","Low","Male",2,-1,3,1,1,"2013-01-10 09:02:17","2013-02-12 09:16:30",0,0,0,1
"692",30,"M","Caucasian","25 - 45","Low","Female",2,0,1,1,1,"2014-12-19 04:46:47","2014-12-20 08:52:23",0,0,0,1
